12365,2018-01-23,1,1493,0,0,0,0,420,1
12367,2018-01-03,1,685,1,0,1,0,420,1
12378,2018-01-26,1,1035,0,1,0,0,420,1
12381,2018-01-24,1,2003,1,0,1,0,420,1
12385,2018-01-09,1,568,1,1,0,0,420,1
12388,2018-01-14,1,1246,0,0,0,0,420,1
12389,2018-01-24,1,1295,1,0,0,0,420,1
12400,2018-01-13,1,1459,0,0,0,0,420,1
12401,2018-01-17,1,1831,1,0,0,0,420,1
12402,2018-01-30,1,1171,1,1,0,0,420,1
12403,2018-01-10,1,1692,0,1,1,0,420,1
12407,2018-01-24,1,2095,0,1,1,0,420,1
12408,2018-01-20,1,1597,0,0,1,0,420,1
12409,2018-01-15,1,2362,1,0,1,0,420,1
12410,2018-01-17,1,1612,1,0,1,0,420,1
12416,2018-01-13,1,2393,1,1,1,0,420,1
12417,2018-01-05,1,1837,1,1,0,0,420,1
12422,2018-01-04,1,1174,0,1,1,0,420,1
12427,2018-01-01,1,2442,1,0,0,0,420,1
12430,2018-01-03,1,2039,0,1,1,0,420,1
12431,2018-01-27,1,898,0,0,0,0,420,1
12440,2018-01-04,1,1915,1,1,0,0,420,1
12442,2018-01-19,1,694,1,1,0,0,420,1
12447,2018-02-23,1,2391,0,0,1,0,420,1
12448,2018-02-20,1,2246,0,0,1,0,420,1
12452,2018-02-03,1,2256,0,0,1,0,420,1
12454,2018-02-05,1,2067,1,0,1,0,420,1
12455,2018-02-11,1,1477,0,0,1,0,420,1
12459,2018-02-05,1,626,1,1,1,0,420,1
12460,2018-02-11,1,1658,0,1,1,0,420,1
12465,2018-02-14,1,2254,1,0,1,0,420,1
12470,2018-02-25,1,2339,1,1,1,0,420,1
12473,2018-02-16,1,850,0,1,1,0,420,1
12482,2018-02-27,1,1746,1,0,1,0,420,1
12484,2018-02-19,1,901,1,1,0,0,420,1
12490,2018-02-16,1,1721,0,0,0,0,420,1
12495,2018-02-12,1,743,0,1,0,0,420,1
12497,2018-02-25,1,1404,0,1,0,0,420,1
12498,2018-02-22,1,1569,1,1,0,0,420,1
12504,2018-02-25,1,2006,1,0,1,0,420,1
12508,2018-02-06,1,2484,1,1,1,0,420,1
12509,2018-02-06,1,640,0,1,1,0,420,1
12514,2018-02-05,1,1475,1,1,1,0,420,1
12515,2018-02-27,1,1663,0,1,1,0,420,1
12518,2018-02-08,1,641,0,1,1,0,420,1
12528,2018-02-06,1,545,1,0,0,0,420,1
12530,2018-02-12,1,615,1,1,0,0,420,1
12540,2018-02-16,1,997,1,1,0,0,420,1
12542,2018-02-15,1,2491,0,0,1,0,420,1
12544,2018-02-23,1,1359,1,1,1,0,420,1
12546,2018-03-23,1,2347,1,1,1,0,420,1
12554,2018-03-10,1,836,1,0,1,0,420,1
12555,2018-03-03,1,525,1,0,0,0,420,1
12557,2018-03-02,1,554,0,0,0,0,420,1
12559,2018-03-30,1,1269,1,1,1,0,420,1
12562,2018-03-28,1,1349,0,1,1,0,420,1
12563,2018-03-22,1,646,0,0,1,0,420,1
12564,2018-03-01,1,1322,1,1,1,0,420,1
12568,2018-03-30,1,690,1,1,1,0,420,1
12569,2018-03-23,1,1679,0,1,0,0,420,1
12572,2018-03-11,1,774,1,1,0,0,420,1
12573,2018-03-15,1,1049,0,1,1,0,420,1
12576,2018-03-10,1,1908,0,0,1,0,420,1
12583,2018-03-09,1,1774,0,1,0,0,420,1
12584,2018-03-28,1,1556,0,1,1,0,420,1
12585,2018-03-08,1,890,1,1,0,0,420,1
12589,2018-03-25,1,1747,1,1,1,0,420,1
12590,2018-03-22,1,2047,1,1,0,0,420,1
12591,2018-03-08,1,878,1,1,1,0,420,1
12592,2018-03-25,1,2073,1,0,1,0,420,1
12594,2018-03-21,1,1215,1,0,0,0,420,1
12596,2018-12-26,1,598,0,1,1,0,420,1
12598,2018-12-10,1,1821,0,0,1,0,420,1
12601,2018-12-23,1,2038,1,0,0,0,420,1
12602,2018-12-26,1,1830,1,0,1,0,420,1
12607,2018-12-30,1,854,1,0,0,0,420,1
12610,2018-12-01,1,1975,1,0,1,0,420,1
12615,2018-12-06,1,2212,0,0,1,0,420,1
12618,2018-12-25,1,733,1,1,0,0,420,1
12620,2018-03-17,1,2373,1,0,1,0,420,1
12621,2018-03-03,1,776,0,0,0,0,420,1
12622,2018-03-28,1,1729,1,0,0,0,420,1
12626,2018-03-21,1,2499,1,0,0,0,420,1
12627,2018-03-23,1,2292,0,0,0,0,420,1
12630,2018-03-26,1,694,1,1,1,0,420,1
12631,2018-03-21,1,585,0,1,0,0,420,1
12639,2018-03-24,1,2104,1,1,1,0,420,1
12641,2018-03-20,1,2390,0,0,0,0,420,1
12643,2018-03-06,1,1116,1,1,0,0,420,1
12650,2018-04-17,1,598,0,0,1,0,420,1
12658,2018-04-19,1,1615,0,0,1,0,420,1
12659,2018-04-23,1,2399,0,0,1,0,420,1
12664,2018-04-22,1,1150,0,0,0,0,420,1
12666,2018-04-10,1,1211,0,1,1,0,420,1
12671,2018-04-19,1,681,0,1,1,0,420,1
12672,2018-04-08,1,1428,1,0,0,0,420,1
12677,2018-04-25,1,555,0,0,1,0,420,1
12685,2018-04-07,1,2081,1,1,0,0,420,1
12695,2018-04-21,1,1450,0,0,0,0,420,1
12366,2018-01-02,0,661,1,1,0,0,420,1
12375,2018-01-22,0,1047,1,0,1,0,420,1
840,2018-01-04,0,2089,1,0,1,0,420,1
12380,2018-01-20,0,1827,0,1,1,0,420,1
12383,2018-01-03,0,1197,1,0,1,0,420,1
12395,2018-01-16,0,2072,0,1,0,0,420,1
12396,2018-01-18,0,2103,0,0,1,0,420,1
12399,2018-01-11,0,2132,0,0,1,0,420,1
12405,2018-01-23,0,2451,1,0,0,0,420,1
12418,2018-01-01,0,1598,0,1,0,0,420,1
12420,2018-01-25,0,591,0,1,0,0,420,1
12428,2018-01-23,0,1763,1,1,0,0,420,1
12432,2018-01-12,0,823,0,1,1,0,420,1
12433,2018-01-11,0,1144,1,0,0,0,420,1
12434,2018-01-23,0,1051,0,1,0,0,420,1
12435,2018-01-10,0,1212,0,1,0,0,420,1
12436,2018-01-13,0,1829,1,1,0,0,420,1
12437,2018-01-15,0,1548,0,0,1,0,420,1
12443,2018-01-05,0,637,0,1,1,0,420,1
12449,2018-02-03,0,1328,1,1,0,0,420,1
12451,2018-02-25,0,1611,1,0,1,0,420,1
12453,2018-02-26,0,1284,0,0,0,0,420,1
12458,2018-02-03,0,1870,0,0,0,0,420,1
12462,2018-02-02,0,1083,0,1,1,0,420,1
12463,2018-02-06,0,2253,1,0,1,0,420,1
12469,2018-02-03,0,2310,0,1,1,0,420,1
12475,2018-02-22,0,2128,0,0,1,0,420,1
12479,2018-02-08,0,1231,1,0,1,0,420,1
12485,2018-02-04,0,2021,0,1,1,0,420,1
12487,2018-02-19,0,2338,0,1,1,0,420,1
12489,2018-02-14,0,2227,1,0,0,0,420,1
12491,2018-02-05,0,1914,0,1,1,0,420,1
12492,2018-02-10,0,1149,0,0,0,0,420,1
12494,2018-02-22,0,2025,0,0,1,0,420,1
12502,2018-02-15,0,2205,1,1,1,0,420,1
12506,2018-02-02,0,1574,1,1,0,0,420,1
12510,2018-02-12,0,663,0,1,1,0,420,1
12511,2018-02-22,0,1504,0,0,0,0,420,1
12516,2018-02-14,0,1179,1,0,0,0,420,1
12519,2018-02-24,0,1002,0,1,0,0,420,1
12524,2018-02-21,0,2193,1,0,1,0,420,1
12527,2018-02-13,0,2310,0,1,1,0,420,1
12535,2018-02-27,0,910,1,1,0,0,420,1
12536,2018-02-19,0,1030,1,1,0,0,420,1
12538,2018-02-17,0,600,1,1,0,0,420,1
12548,2018-03-07,0,935,1,0,1,0,420,1
12549,2018-03-27,0,2191,1,0,0,0,420,1
12550,2018-03-18,0,1245,1,0,1,0,420,1
12551,2018-03-05,0,2448,0,1,1,0,420,1
12556,2018-03-27,0,1640,1,0,0,0,420,1
12558,2018-03-20,0,599,1,1,1,0,420,1
12565,2018-03-30,0,1050,0,1,0,0,420,1
12566,2018-03-23,0,2114,1,0,0,0,420,1
12575,2018-03-10,0,653,1,0,0,0,420,1
12582,2018-03-10,0,1669,0,1,0,0,420,1
12593,2018-03-04,0,519,1,1,0,0,420,1
12595,2018-03-25,0,1821,1,1,0,0,420,1
12597,2018-12-10,0,1768,0,0,1,0,420,1
12599,2018-12-27,0,2093,0,1,0,0,420,1
12603,2018-12-25,0,1607,1,0,1,0,420,1
12612,2018-12-19,0,642,1,1,0,0,420,1
12629,2018-03-08,0,613,0,1,0,0,420,1
12632,2018-03-01,0,1965,1,0,0,0,420,1
12633,2018-03-10,0,1414,0,0,0,0,420,1
12634,2018-03-16,0,1015,0,1,0,0,420,1
12635,2018-03-28,0,1074,0,1,0,0,420,1
12637,2018-03-11,0,873,0,0,0,0,420,1
12642,2018-03-11,0,948,0,1,0,0,420,1
12647,2018-04-24,0,1601,1,0,0,0,420,1
12654,2018-04-25,0,738,1,1,1,0,420,1
12655,2018-04-13,0,1869,0,1,0,0,420,1
12657,2018-04-06,0,1506,0,1,1,0,420,1
12660,2018-04-16,0,761,1,0,0,0,420,1
12662,2018-04-19,0,1873,1,1,0,0,420,1
12667,2018-04-22,0,1944,0,0,0,0,420,1
12675,2018-04-12,0,1475,0,0,1,0,420,1
12681,2018-04-28,0,1759,0,0,1,0,420,1
12682,2018-04-07,0,2125,0,1,0,0,420,1
12694,2018-04-03,0,2362,1,1,0,0,420,1
12696,2018-04-02,0,2032,1,1,0,0,420,1
12697,2018-04-12,0,516,0,0,0,0,420,1
12698,2018-04-30,0,513,1,1,0,0,420,1
12368,2018-01-08,1,1006,1,1,1,1,420,1
12371,2018-01-25,0,2355,1,1,1,1,420,1
12372,2018-01-05,1,1921,1,1,0,1,420,1
12373,2018-01-21,0,2200,1,0,1,1,420,1
12374,2018-01-27,0,2357,1,1,1,1,420,1
12379,2018-01-29,1,526,1,1,0,1,420,1
12382,2018-01-08,0,1960,1,1,1,1,420,1
12384,2018-01-21,0,614,1,0,0,1,420,1
12391,2018-01-06,1,1979,1,1,1,1,420,1
12397,2018-01-15,0,1929,1,0,0,1,420,1
12404,2018-01-11,0,1262,1,1,0,1,420,1
12413,2018-01-20,0,1301,1,0,0,1,420,1
12414,2018-01-16,1,2411,1,0,0,1,420,1
12415,2018-01-10,0,1065,1,0,0,1,420,1
12421,2018-01-18,1,1617,1,1,0,1,420,1
12423,2018-01-28,1,2241,1,1,0,1,420,1
12424,2018-01-31,1,2248,1,0,1,1,420,1
12425,2018-01-27,1,2121,1,0,0,1,420,1
12438,2018-01-06,1,1663,1,0,1,1,420,1
12444,2018-02-10,1,1959,1,0,0,1,420,1
12445,2018-02-08,0,1673,1,1,1,1,420,1
12450,2018-02-13,1,2455,1,1,1,1,420,1
12461,2018-02-16,0,1168,1,0,1,1,420,1
12464,2018-02-05,1,708,1,1,0,1,420,1
12466,2018-02-15,0,1092,1,0,0,1,420,1
12472,2018-02-11,1,1628,1,0,0,1,420,1
12474,2018-02-14,0,618,1,0,1,1,420,1
12480,2018-02-27,0,510,1,0,0,1,420,1
12481,2018-02-14,0,2376,1,1,0,1,420,1
12500,2018-02-17,1,1464,1,0,1,1,420,1
12501,2018-02-20,1,2487,1,0,0,1,420,1
12505,2018-02-27,1,2168,1,0,0,1,420,1
12512,2018-02-17,0,1908,1,0,1,1,420,1
12517,2018-02-17,0,898,1,1,0,1,420,1
12522,2018-02-19,0,2316,1,1,1,1,420,1
12531,2018-02-02,1,727,1,1,0,1,420,1
12532,2018-02-10,0,685,1,0,1,1,420,1
12539,2018-02-21,1,540,1,0,0,1,420,1
12543,2018-02-22,1,651,1,1,0,1,420,1
12552,2018-03-29,0,525,1,1,0,1,420,1
12571,2018-03-18,1,1241,1,1,0,1,420,1
12580,2018-03-22,0,1651,1,0,0,1,420,1
12581,2018-03-03,1,2490,1,1,0,1,420,1
12600,2018-12-01,0,727,1,1,0,1,420,1
12605,2018-12-20,1,856,1,0,0,1,420,1
12617,2018-12-28,0,2365,1,1,0,1,420,1
12619,2018-12-09,1,2266,1,0,0,1,420,1
12623,2018-03-30,0,2437,1,1,1,1,420,1
12625,2018-03-01,0,751,1,1,1,1,420,1
12636,2018-03-24,1,1583,1,0,0,1,420,1
12638,2018-03-03,0,1650,1,0,1,1,420,1
12645,2018-04-24,1,1302,1,0,1,1,420,1
12646,2018-04-04,0,1895,1,0,1,1,420,1
12651,2018-04-28,0,1023,1,0,0,1,420,1
12652,2018-04-12,1,1638,1,0,1,1,420,1
12653,2018-04-11,1,2076,1,0,0,1,420,1
12663,2018-04-24,0,2190,1,1,1,1,420,1
12665,2018-04-06,1,2495,1,1,1,1,420,1
12668,2018-04-06,0,795,1,1,0,1,420,1
12669,2018-04-23,0,1726,1,1,1,1,420,1
12674,2018-04-11,1,621,1,0,0,1,420,1
12676,2018-04-29,0,2205,1,0,1,1,420,1
12678,2018-04-18,0,2437,1,0,1,1,420,1
12683,2018-04-01,0,1429,1,0,1,1,420,1
12687,2018-04-20,1,1835,1,1,0,1,420,1
12691,2018-04-10,1,1752,1,1,1,1,420,1
12699,2018-04-25,1,677,1,1,1,1,420,1
12369,2018-01-16,1,1160,0,0,1,1,420,1
12370,2018-01-25,0,1602,0,0,1,1,420,1
12377,2018-01-15,0,1780,0,0,1,1,420,1
12386,2018-01-12,1,2149,0,1,1,1,420,1
12387,2018-01-27,1,1797,0,1,0,1,420,1
12390,2018-01-21,0,642,0,1,0,1,420,1
12392,2018-01-13,0,2327,0,1,1,1,420,1
12393,2018-01-05,1,1025,0,0,0,1,420,1
12394,2018-01-23,0,529,0,0,0,1,420,1
12398,2018-01-13,1,2143,0,1,1,1,420,1
12406,2018-01-03,0,1906,0,1,1,1,420,1
12411,2018-01-19,0,711,0,0,1,1,420,1
12412,2018-01-29,1,1771,0,1,0,1,420,1
12419,2018-01-30,1,1072,0,1,0,1,420,1
12426,2018-01-25,0,1994,0,0,0,1,420,1
12429,2018-01-28,0,1494,0,0,1,1,420,1
12439,2018-01-23,0,1313,0,0,1,1,420,1
12441,2018-01-08,0,1888,0,0,1,1,420,1
12446,2018-02-01,1,934,0,1,0,1,420,1
12456,2018-02-18,0,865,0,0,0,1,420,1
12457,2018-02-01,0,1662,0,0,1,1,420,1
12467,2018-02-26,1,778,0,0,0,1,420,1
12468,2018-02-15,0,1041,0,1,1,1,420,1
12471,2018-02-12,0,2218,0,1,0,1,420,1
12476,2018-02-16,1,1213,0,0,1,1,420,1
12477,2018-02-04,1,749,0,1,0,1,420,1
12478,2018-02-14,0,2420,0,1,0,1,420,1
12483,2018-02-21,0,1533,0,0,0,1,420,1
12486,2018-02-22,0,1570,0,0,0,1,420,1
12488,2018-02-10,0,1065,0,1,0,1,420,1
12493,2018-02-20,0,2033,0,1,1,1,420,1
12496,2018-02-18,1,1044,0,1,0,1,420,1
12499,2018-02-01,1,1477,0,1,0,1,420,1
12503,2018-02-06,0,2148,0,1,0,1,420,1
12507,2018-02-02,1,1764,0,0,1,1,420,1
12513,2018-02-08,0,519,0,0,0,1,420,1
12520,2018-02-25,1,2253,0,1,1,1,420,1
12521,2018-02-10,1,1100,0,0,1,1,420,1
12523,2018-02-14,1,2387,0,1,1,1,420,1
12525,2018-02-22,1,2484,0,0,0,1,420,1
12526,2018-02-24,0,1835,0,1,1,1,420,1
12529,2018-02-21,1,1924,0,0,1,1,420,1
12533,2018-02-02,0,2390,0,1,1,1,420,1
12534,2018-02-24,1,709,0,1,0,1,420,1
12537,2018-02-16,1,1538,0,1,1,1,420,1
12541,2018-02-11,0,2086,0,0,1,1,420,1
12545,2018-03-22,1,1109,0,1,0,1,420,1
12547,2018-03-18,0,966,0,1,1,1,420,1
12553,2018-03-02,1,1214,0,0,1,1,420,1
12560,2018-03-24,1,838,0,0,1,1,420,1
12561,2018-03-18,1,745,0,1,0,1,420,1
12567,2018-03-23,0,1674,0,1,1,1,420,1
12570,2018-03-10,1,1634,0,1,1,1,420,1
12574,2018-03-05,0,697,0,0,1,1,420,1
12577,2018-03-14,0,2445,0,1,0,1,420,1
12578,2018-03-21,1,613,0,1,0,1,420,1
12579,2018-03-21,1,1560,0,1,1,1,420,1
12586,2018-03-09,0,1169,0,0,1,1,420,1
12587,2018-03-20,0,1479,0,1,1,1,420,1
12588,2018-03-25,0,1103,0,0,0,1,420,1
12604,2018-12-06,1,1591,0,0,1,1,420,1
12606,2018-12-25,1,2135,0,0,1,1,420,1
12608,2018-12-07,1,2202,0,1,0,1,420,1
12609,2018-12-01,0,1282,0,1,1,1,420,1
12611,2018-12-12,1,1390,0,1,0,1,420,1
12613,2018-12-09,1,1453,0,0,0,1,420,1
12614,2018-12-11,0,2031,0,0,1,1,420,1
12616,2018-12-03,0,902,0,1,1,1,420,1
12624,2018-03-26,0,1173,0,0,0,1,420,1
12628,2018-03-08,0,1359,0,1,0,1,420,1
12640,2018-03-16,0,1328,0,1,1,1,420,1
12644,2018-03-02,1,1101,0,0,1,1,420,1
12648,2018-04-24,1,1110,0,1,0,1,420,1
12649,2018-04-06,1,2049,0,1,0,1,420,1
12656,2018-04-22,1,2455,0,0,1,1,420,1
12661,2018-04-19,1,1553,0,0,1,1,420,1
12670,2018-04-26,1,1412,0,0,1,1,420,1
12673,2018-04-08,1,1891,0,0,1,1,420,1
12679,2018-04-26,0,1837,0,1,1,1,420,1
12680,2018-04-05,1,1798,0,1,0,1,420,1
12684,2018-04-27,1,548,0,1,1,1,420,1
12686,2018-04-17,1,940,0,0,0,1,420,1
12688,2018-04-14,1,744,0,0,0,1,420,1
12689,2018-04-15,0,1193,0,1,0,1,420,1
12690,2018-04-05,0,1328,0,0,0,1,420,1
12692,2018-04-23,1,614,0,0,1,1,420,1
12693,2018-04-28,0,644,0,1,0,1,420,1
12786,2018-04-23,1,1116,0,0,0,1,840,1
12788,2018-04-16,0,600,1,0,0,1,840,1
12789,2018-04-01,1,812,1,1,0,0,840,1
12791,2018-04-05,1,1488,0,1,0,0,840,1
12792,2018-04-28,0,1445,1,0,0,1,840,1
12793,2018-04-15,1,1677,0,0,0,0,840,1
12794,2018-04-07,0,2143,0,0,0,1,840,1
12796,2018-04-29,1,2076,0,0,0,1,840,1
12797,2018-04-20,0,614,0,0,0,1,840,1
12798,2018-04-22,1,854,0,1,0,1,840,1
12799,2018-04-22,1,861,0,0,0,0,840,1
12803,2018-04-21,0,1273,1,1,0,0,840,1
12808,2018-04-06,1,845,1,1,0,1,840,1
12811,2018-04-07,1,1973,0,0,0,0,840,1
12813,2018-04-14,0,1988,0,0,0,0,840,1
12814,2018-04-16,1,2366,1,0,0,0,840,1
12815,2018-04-15,1,1773,0,1,0,0,840,1
12816,2018-04-09,1,1017,0,1,0,0,840,1
12817,2018-04-08,1,1008,1,1,0,1,840,1
12819,2018-04-08,1,923,0,1,0,1,840,1
12820,2018-04-05,1,813,0,1,0,1,840,1
12823,2018-04-22,0,1389,0,1,0,1,840,1
12825,2018-04-21,1,770,1,0,0,1,840,1
12828,2018-04-12,1,1018,0,1,0,1,840,1
12831,2018-04-24,0,1319,1,1,0,0,840,1
12835,2018-04-26,0,2415,1,1,0,0,840,1
12838,2018-04-26,0,2218,0,0,0,0,840,1
12839,2018-04-20,1,1653,0,1,0,0,840,1
12840,2018-04-09,1,2436,1,1,0,1,840,1
12843,2018-04-19,0,959,0,1,0,1,840,1
12848,2018-05-07,1,1775,1,0,0,0,840,1
12854,2018-05-05,1,2094,1,0,0,0,840,1
12855,2018-05-25,1,2241,1,1,0,0,840,1
12859,2018-05-10,0,2445,0,1,0,0,840,1
12866,2018-05-14,0,972,0,1,0,0,840,1
12871,2018-05-10,1,1719,0,1,0,1,840,1
12872,2018-05-24,0,1148,1,1,0,0,840,1
12873,2018-05-15,0,1412,1,0,0,1,840,1
12880,2018-05-09,0,1134,1,0,0,0,840,1
12883,2018-05-06,0,1123,1,0,0,0,840,1
12884,2018-05-02,1,1571,0,1,0,1,840,1
12885,2018-05-17,1,1540,0,1,0,1,840,1
12887,2018-05-12,1,1188,1,1,0,1,840,1
12888,2018-05-07,1,2465,1,1,0,0,840,1
12889,2018-05-08,0,1972,0,0,0,1,840,1
12890,2018-05-21,0,947,1,1,0,0,840,1
12892,2018-05-12,0,1409,1,1,0,1,840,1
12895,2018-05-30,1,1602,0,1,0,1,840,1
12896,2018-05-19,0,1400,0,1,0,1,840,1
12899,2018-05-09,1,1898,0,0,0,0,840,1
12902,2018-05-29,0,1914,1,1,0,1,840,1
12903,2018-05-06,0,689,1,1,0,1,840,1
12905,2018-05-15,0,1399,0,1,0,1,840,1
12906,2018-05-07,0,2344,0,1,0,1,840,1
12909,2018-05-05,0,634,1,1,0,0,840,1
12911,2018-05-15,1,635,1,0,0,1,840,1
12914,2018-05-30,1,1884,0,0,0,0,840,1
12915,2018-05-26,0,2203,1,1,0,0,840,1
12920,2018-05-19,1,2469,1,1,0,1,840,1
12921,2018-05-17,0,1162,0,1,0,1,840,1
12925,2018-05-07,1,1845,0,1,0,0,840,1
12926,2018-05-21,0,1325,1,1,0,1,840,1
12927,2018-05-21,1,1570,1,1,0,1,840,1
12932,2018-05-23,1,1483,1,0,0,1,840,1
12934,2018-05-25,0,1256,0,1,0,0,840,1
12936,2018-05-23,0,2365,1,1,0,0,840,1
12937,2018-05-26,1,651,1,0,0,0,840,1
12938,2018-05-30,0,2141,1,0,0,1,840,1
12785,2018-04-11,0,1206,1,1,1,0,840,1
12787,2018-04-24,0,1845,1,0,1,0,840,1
12790,2018-04-26,1,2278,1,0,1,0,840,1
12795,2018-04-09,0,1124,1,1,1,0,840,1
12800,2018-04-17,1,2323,0,0,1,0,840,1
12801,2018-04-29,0,508,0,0,1,1,840,1
12802,2018-04-12,1,1484,0,1,1,0,840,1
12804,2018-04-15,0,796,1,0,1,0,840,1
12805,2018-04-26,0,681,1,1,1,0,840,1
12806,2018-04-03,1,1639,1,1,1,1,840,1
12807,2018-04-15,0,791,0,1,1,1,840,1
12809,2018-04-08,0,920,1,0,1,0,840,1
12810,2018-04-25,0,2123,0,0,1,1,840,1
12812,2018-04-16,0,2234,0,1,1,1,840,1
12818,2018-04-21,1,1088,0,0,1,1,840,1
12821,2018-04-18,1,1982,1,1,1,1,840,1
12822,2018-04-20,1,549,1,0,1,1,840,1
12824,2018-04-19,0,2268,0,0,1,1,840,1
12826,2018-04-26,1,887,0,1,1,0,840,1
12827,2018-04-17,1,1758,0,1,1,0,840,1
12829,2018-04-09,1,2162,1,0,1,0,840,1
12830,2018-04-21,0,860,1,1,1,1,840,1
12832,2018-04-08,1,1918,1,1,1,0,840,1
12833,2018-04-04,0,732,1,1,1,0,840,1
12834,2018-04-01,1,1019,1,0,1,0,840,1
12836,2018-04-18,1,1538,0,1,1,0,840,1
12837,2018-04-20,1,2279,0,1,1,0,840,1
12841,2018-04-19,0,1673,0,0,1,0,840,1
12842,2018-04-03,0,2332,0,0,1,1,840,1
12844,2018-04-27,1,837,0,0,1,1,840,1
12845,2018-05-02,0,2434,0,1,1,0,840,1
12846,2018-05-08,1,1778,1,0,1,1,840,1
12847,2018-05-27,0,2417,0,1,1,1,840,1
12849,2018-05-27,0,1210,1,0,1,0,840,1
12850,2018-05-27,0,568,1,1,1,1,840,1
12851,2018-05-22,1,724,0,1,1,0,840,1
12852,2018-05-02,1,1760,1,1,1,1,840,1
12853,2018-05-13,1,1345,1,1,1,0,840,1
12856,2018-05-03,1,1488,1,0,1,1,840,1
12857,2018-05-28,1,1028,1,1,1,1,840,1
12858,2018-05-09,0,1252,0,1,1,0,840,1
12860,2018-05-11,1,1525,0,1,1,0,840,1
12861,2018-05-10,1,1157,0,0,1,0,840,1
12862,2018-05-22,1,902,0,0,1,0,840,1
12863,2018-05-01,0,2082,0,0,1,0,840,1
12864,2018-05-22,1,1723,1,0,1,1,840,1
12865,2018-05-06,0,1532,0,1,1,1,840,1
12867,2018-05-05,0,1089,1,0,1,1,840,1
12868,2018-05-11,1,2400,1,1,1,1,840,1
12869,2018-05-22,1,1667,1,1,1,0,840,1
12870,2018-05-30,1,908,1,0,1,1,840,1
12874,2018-05-06,1,1291,0,0,1,0,840,1
12875,2018-05-06,1,1211,0,1,1,1,840,1
12876,2018-05-07,1,995,0,1,1,0,840,1
12877,2018-05-30,1,724,1,1,1,0,840,1
12878,2018-05-02,1,1177,0,0,1,1,840,1
12879,2018-05-12,0,2403,0,0,1,0,840,1
12881,2018-05-13,1,2419,1,1,1,0,840,1
12882,2018-05-20,0,1049,1,1,1,1,840,1
12886,2018-05-15,1,2154,1,0,1,1,840,1
12891,2018-05-14,0,2032,1,0,1,1,840,1
12893,2018-05-02,0,1353,1,0,1,1,840,1
12894,2018-05-11,1,2449,1,0,1,0,840,1
12897,2018-05-29,0,915,0,1,1,1,840,1
12898,2018-05-02,0,601,0,1,1,1,840,1
12900,2018-05-14,1,1852,1,0,1,1,840,1
12901,2018-05-16,1,686,0,0,1,1,840,1
12904,2018-05-14,1,776,1,0,1,0,840,1
12907,2018-05-24,1,1010,1,1,1,1,840,1
12908,2018-05-27,0,1988,1,0,1,1,840,1
12910,2018-05-12,0,2100,0,1,1,0,840,1
12912,2018-05-11,1,1829,1,1,1,0,840,1
12913,2018-05-17,1,582,0,0,1,1,840,1
12916,2018-05-19,1,946,0,0,1,0,840,1
12917,2018-05-02,0,716,1,1,1,1,840,1
12918,2018-05-13,0,1625,1,0,1,1,840,1
12919,2018-05-11,0,837,0,0,1,0,840,1
12922,2018-05-16,0,1565,0,1,1,0,840,1
12923,2018-05-18,1,2313,0,0,1,0,840,1
12924,2018-05-12,1,741,0,0,1,1,840,1
12928,2018-05-17,0,2209,0,1,1,1,840,1
12929,2018-05-24,0,538,1,0,1,0,840,1
12930,2018-05-21,1,1895,1,1,1,1,840,1
12931,2018-05-30,0,2182,1,0,1,1,840,1
12933,2018-05-05,1,1241,0,1,1,0,840,1
12935,2018-05-17,0,2340,0,0,1,0,840,1
12939,2018-05-25,0,1358,1,1,1,1,840,1
12345,2018-01-16,0,958,0,0,1,1,400,1
12346,2018-01-04,1,1272,0,0,0,1,401,1
12347,2018-01-07,0,2150,1,1,1,0,402,1
12348,2018-01-07,1,2123,0,1,1,1,403,1
12349,2018-01-01,1,1110,1,1,1,1,404,1
12350,2018-01-22,0,1571,0,1,0,0,405,1
12351,2018-01-19,1,1030,1,1,1,0,406,1
12352,2018-01-23,1,1732,1,1,0,0,407,1
12353,2018-01-01,0,2175,0,1,0,1,408,1
12354,2018-01-20,0,1725,0,0,1,0,409,1
12355,2018-01-28,0,1805,1,0,1,0,410,1
12356,2018-01-17,1,1552,1,0,0,1,411,1
12357,2018-01-29,0,1888,1,1,1,1,412,1
12358,2018-01-18,1,1355,0,0,1,0,413,1
12359,2018-01-19,0,2356,0,0,0,1,414,1
12360,2018-01-06,1,2102,0,0,1,0,415,1
12361,2018-01-27,1,1258,1,1,1,1,416,1
12362,2018-01-21,0,2326,1,0,1,1,417,1
420,2018-01-24,1,584,1,1,1,0,418,1
12364,2018-01-08,1,2397,1,1,0,0,419,1
12700,2018-04-23,1,2050,0,0,1,1,755,1
12701,2018-04-10,0,785,1,0,1,0,756,1
12702,2018-04-12,1,1770,1,0,0,1,757,1
12703,2018-04-03,0,2437,0,1,0,1,758,1
12704,2018-04-14,0,595,0,1,1,0,759,1
12705,2018-04-17,1,1868,1,0,1,0,760,1
12706,2018-04-01,0,1300,1,0,0,1,761,1
12707,2018-04-26,0,1830,0,1,1,0,762,1
12708,2018-04-04,0,1893,1,1,1,0,763,1
12709,2018-04-29,0,1256,1,1,0,0,764,1
12710,2018-04-29,1,839,0,0,1,0,765,1
12711,2018-04-16,0,1954,0,0,1,0,766,1
12712,2018-04-12,1,2001,1,0,0,0,767,1
12713,2018-04-04,1,1375,1,1,1,1,768,1
12714,2018-04-25,0,1134,0,0,0,1,769,1
12715,2018-04-25,0,2239,0,0,0,0,770,1
12716,2018-04-15,1,2445,0,0,1,0,771,1
12717,2018-04-13,0,1095,0,0,0,1,772,1
12718,2018-04-30,1,2326,0,1,0,0,773,1
12719,2018-04-06,0,1169,0,0,1,0,774,1
12720,2018-04-22,1,1186,0,0,0,1,775,1
12721,2018-04-11,0,1362,1,0,0,0,776,1
12722,2018-04-28,0,1091,1,0,1,0,777,1
12723,2018-04-17,0,1133,0,0,1,0,778,1
12724,2018-04-22,1,1657,1,0,1,0,779,1
12725,2018-04-17,0,1265,0,0,0,0,780,1
12726,2018-04-14,1,2162,0,0,0,0,781,1
12727,2018-04-28,0,1675,1,1,1,0,782,1
12728,2018-04-08,1,1066,1,1,0,1,783,1
12729,2018-04-06,1,1008,0,0,1,1,784,1
12730,2018-04-14,0,508,0,1,1,0,785,1
12731,2018-04-25,1,708,0,0,1,0,786,1
12732,2018-04-10,1,2129,1,1,1,1,787,1
12733,2018-04-12,0,1633,1,0,1,1,788,1
12734,2018-04-07,1,954,1,1,0,0,789,1
12735,2018-04-06,1,1413,1,1,1,0,790,1
12736,2018-04-18,0,1674,0,1,0,1,791,1
12737,2018-04-03,1,2246,1,0,0,1,792,1
12738,2018-04-23,0,1700,1,0,1,1,793,1
12739,2018-04-07,1,782,1,1,1,1,794,1
12740,2018-04-05,0,2069,0,1,0,1,795,1
12741,2018-04-02,1,1932,1,1,0,0,796,1
12742,2018-04-23,1,1389,1,0,1,0,797,1
12743,2018-04-05,0,1378,0,0,1,1,798,1
12744,2018-04-24,1,1142,1,1,0,0,799,1
12745,2018-04-11,1,1305,1,0,1,0,800,1
12746,2018-04-27,1,790,0,1,1,1,801,1
12747,2018-04-30,0,811,1,1,0,0,802,1
12748,2018-04-26,0,1860,1,0,1,1,803,1
12749,2018-04-06,0,1858,1,0,0,0,804,1
12750,2018-04-16,1,1981,0,1,1,1,805,1
12751,2018-04-11,0,1654,1,0,0,0,806,1
12752,2018-04-19,0,2449,1,1,0,1,807,1
12753,2018-04-13,1,2087,1,0,0,0,808,1
12754,2018-04-29,0,1815,1,0,1,1,809,1
12755,2018-04-26,1,781,1,1,1,1,810,1
12756,2018-04-05,1,2428,0,0,0,0,811,1
12757,2018-04-27,0,587,1,1,1,0,812,1
12758,2018-04-02,1,1897,0,1,1,0,813,1
12759,2018-04-29,0,517,1,0,1,1,814,1
12760,2018-04-02,0,1705,1,1,1,0,815,1
12761,2018-04-07,1,912,0,1,1,0,816,1
12762,2018-04-02,1,2204,1,1,0,0,817,1
12763,2018-04-02,0,2207,1,1,0,0,818,1
12764,2018-04-23,0,1943,0,1,1,0,819,1
12765,2018-04-29,0,1625,1,1,1,0,820,1
12766,2018-04-30,1,762,0,1,1,0,821,1
12767,2018-04-13,0,1595,0,0,1,0,822,1
12768,2018-04-27,0,625,0,0,0,0,823,1
12769,2018-04-09,0,1484,0,0,0,0,824,1
12770,2018-04-30,1,1604,1,1,0,1,825,1
12771,2018-04-08,0,1046,0,1,1,1,826,1
12772,2018-04-06,0,694,0,1,0,1,827,1
12773,2018-04-17,1,1248,1,1,0,1,828,1
12774,2018-04-02,1,2111,0,1,0,1,829,1
12775,2018-04-04,0,1648,1,1,1,1,830,1
12776,2018-04-21,0,630,0,0,0,0,831,1
12777,2018-04-19,0,1829,0,0,0,0,832,1
12778,2018-04-21,0,2113,0,0,0,0,833,1
12779,2018-04-18,1,734,1,0,1,0,834,1
12780,2018-04-08,1,2177,0,1,0,1,835,1
12781,2018-04-07,0,1923,0,1,0,1,836,1
12782,2018-04-18,0,1340,1,0,0,1,837,1
12783,2018-04-15,1,1282,0,0,1,0,838,1
12784,2018-04-05,1,2479,1,0,1,1,839,1
12940,2018-05-16,1,2094,0,0,0,0,995,1
12941,2018-05-18,0,1962,1,1,1,0,996,1
12942,2018-05-30,1,2055,0,1,0,0,997,1
12943,2018-05-22,1,1542,0,1,1,1,998,1
12944,2018-05-19,0,1339,1,1,1,0,999,1
12945,2018-06-21,1,2284,0,1,0,1,1000,1
12946,2018-06-29,1,1340,1,1,1,1,1001,1
12947,2018-06-12,0,2041,0,0,0,1,1002,1
12948,2018-06-09,1,861,0,0,1,0,1003,1
13364,2018-09-16,0,969,0,0,0,0,1419,3
13365,2018-09-30,0,789,1,1,0,0,1420,3
13367,2018-09-25,0,1195,1,1,1,0,1422,3
13368,2018-09-28,0,1180,1,1,0,0,1423,3
13371,2018-10-16,0,1007,1,0,0,1,1426,3
13376,2018-10-05,0,695,1,1,1,0,1431,3
13377,2018-10-28,0,1184,0,0,1,1,1432,3
13379,2018-10-16,0,2097,0,0,0,1,1434,3
13380,2018-10-20,0,2105,0,0,0,1,1435,3
13384,2018-10-20,0,2012,0,0,1,0,1439,3
13385,2018-10-16,0,914,1,1,0,1,1440,3
13387,2018-10-30,0,2122,0,0,1,0,1442,3
13395,2018-10-12,0,1352,1,0,1,1,1450,3
13398,2018-10-24,0,1772,0,1,0,0,1453,3
13399,2018-10-29,0,1428,1,1,1,1,1454,3
13400,2018-10-16,0,1773,0,1,0,1,1455,3
13401,2018-10-30,0,1951,0,0,0,0,1456,3
13402,2018-10-10,0,670,0,1,0,0,1457,3
13404,2018-10-29,0,1780,1,0,1,0,1459,3
13405,2018-10-12,0,782,0,0,0,1,1460,3
13410,2018-10-26,0,2126,1,1,0,1,1465,3
13419,2018-10-01,0,2074,0,1,1,0,1474,3
13420,2018-10-27,0,1706,1,1,1,0,1475,3
13421,2018-10-22,0,1179,0,1,0,0,1476,3
13424,2018-10-06,0,1557,1,1,1,1,1479,3
13426,2018-10-04,0,1146,0,0,0,1,1481,3
13429,2018-10-29,0,1437,0,0,1,0,1484,3
13431,2018-10-24,0,1427,1,0,1,0,1486,3
13432,2018-10-11,0,1949,0,1,1,1,1487,3
13437,2018-10-26,0,2148,1,0,1,0,1492,3
13441,2018-10-26,0,2075,0,1,1,0,1496,3
13445,2018-10-23,0,780,1,1,0,0,1500,3
13446,2018-10-30,0,2126,1,1,1,0,1501,3
13448,2018-10-10,0,1637,0,0,1,1,1503,3
13449,2018-10-28,0,1889,1,0,1,1,1504,3
13452,2018-10-15,0,1082,1,0,1,1,1507,3
13453,2018-10-29,0,2394,1,1,1,0,1508,3
13455,2018-10-24,0,892,1,1,0,1,1510,3
13456,2018-10-02,0,994,0,1,1,0,1511,3
13457,2018-10-02,0,2260,1,1,0,0,1512,3
13460,2018-10-16,0,1663,1,1,0,1,1515,3
13462,2018-10-05,0,1669,0,1,0,1,1517,3
13463,2018-10-25,0,1547,0,0,1,0,1518,3
13464,2018-10-12,0,899,0,1,0,0,1519,3
13465,2018-10-18,0,2439,1,1,0,1,1520,3
13466,2018-11-07,0,1867,1,0,0,1,1521,3
13470,2018-11-28,0,1157,0,1,1,0,1525,3
13471,2018-11-01,0,2376,1,0,0,1,1526,3
13475,2018-11-02,0,1140,0,0,1,0,1530,3
13477,2018-11-30,0,1716,0,1,1,0,1532,3
13478,2018-11-21,0,731,1,0,0,1,1533,3
13481,2018-11-02,0,2498,1,0,1,0,1536,3
13482,2018-11-13,0,2125,0,1,1,1,1537,3
13483,2018-11-27,0,2130,0,1,1,0,1538,3
13487,2018-11-23,0,2470,1,1,1,1,1542,3
13489,2018-11-03,0,2054,1,1,0,1,1544,3
13490,2018-11-24,0,2322,1,0,0,0,1545,3
13492,2018-11-06,0,2026,1,0,0,1,1547,3
13493,2018-11-26,0,2000,1,1,0,1,1548,3
13494,2018-11-23,0,935,0,1,1,0,1549,3
13495,2018-11-21,0,1506,1,1,1,1,1550,3
13496,2018-11-04,0,520,1,0,0,1,1551,3
13498,2018-11-18,0,2338,1,1,1,0,1553,3
13502,2018-11-06,0,1738,0,0,1,0,1557,3
13505,2018-11-22,0,1461,0,0,1,0,1560,3
13509,2018-11-22,0,1961,0,0,1,0,1564,3
13512,2018-11-01,0,1981,1,0,1,0,1567,3
13516,2018-11-27,0,698,1,0,0,1,1571,3
13517,2018-11-08,0,1548,1,1,0,0,1572,3
13518,2018-11-10,0,2083,1,0,0,1,1573,3
13521,2018-11-03,0,2449,1,0,0,1,1576,3
13522,2018-11-29,0,600,1,0,1,0,1577,3
13523,2018-11-29,0,974,1,0,0,0,1578,3
13527,2018-11-03,0,2464,0,1,0,1,1582,3
13531,2018-11-01,0,2296,0,0,0,1,1586,3
13532,2018-11-19,0,2365,0,1,0,0,1587,3
13533,2018-11-10,0,831,1,0,0,1,1588,3
13541,2018-11-04,0,2221,0,0,0,1,1596,3
13542,2018-11-02,0,1034,1,0,0,1,1597,3
13543,2018-11-08,0,637,0,1,1,0,1598,3
13361,2018-09-13,1,1067,0,1,1,0,1416,3
13362,2018-09-25,1,1636,0,0,0,0,1417,3
13363,2018-09-27,1,1986,1,1,0,0,1418,3
13366,2018-09-26,1,1116,0,1,1,0,1421,3
13369,2018-09-22,1,696,0,0,0,1,1424,3
13370,2018-09-10,1,1105,1,1,0,1,1425,3
13372,2018-10-29,1,585,0,0,0,1,1427,3
13373,2018-10-30,1,1384,0,0,1,0,1428,3
13374,2018-10-30,1,519,0,0,1,1,1429,3
13375,2018-10-11,1,1013,0,0,0,1,1430,3
13378,2018-10-30,1,673,0,0,1,0,1433,3
13381,2018-10-01,1,555,0,1,1,0,1436,3
13382,2018-10-16,1,558,1,1,0,1,1437,3
13383,2018-10-23,1,640,1,0,0,1,1438,3
13386,2018-10-08,1,1479,1,1,0,0,1441,3
13388,2018-10-16,1,948,1,0,1,1,1443,3
13389,2018-10-26,1,2371,0,1,1,0,1444,3
13390,2018-10-06,1,542,0,1,1,0,1445,3
13391,2018-10-03,1,2145,0,1,0,0,1446,3
13392,2018-10-06,1,1675,1,0,0,1,1447,3
13393,2018-10-23,1,825,1,0,0,0,1448,3
13394,2018-10-24,1,2018,1,0,0,0,1449,3
13396,2018-10-21,1,1433,1,1,0,0,1451,3
13397,2018-10-03,1,1866,1,1,1,0,1452,3
13403,2018-10-29,1,965,1,0,0,0,1458,3
13406,2018-10-10,1,2200,1,0,0,1,1461,3
13407,2018-10-24,1,2424,1,1,0,0,1462,3
13408,2018-10-02,1,2104,0,0,1,1,1463,3
13409,2018-10-07,1,852,1,1,1,0,1464,3
13411,2018-10-06,1,2396,1,0,1,0,1466,3
13412,2018-10-16,1,1658,0,1,1,1,1467,3
13413,2018-10-04,1,2264,0,1,1,1,1468,3
13414,2018-10-19,1,2393,1,1,0,0,1469,3
13415,2018-10-19,1,586,1,1,1,1,1470,3
13416,2018-10-20,1,874,0,1,0,0,1471,3
13417,2018-10-05,1,944,1,1,1,0,1472,3
13418,2018-10-01,1,1279,1,0,0,1,1473,3
13422,2018-10-04,1,1571,1,0,1,1,1477,3
13423,2018-10-10,1,1465,1,1,1,1,1478,3
13425,2018-10-02,1,832,0,1,1,0,1480,3
13427,2018-10-16,1,1577,0,0,1,0,1482,3
13428,2018-10-30,1,2356,1,1,1,0,1483,3
13430,2018-10-24,1,2436,1,1,1,0,1485,3
13433,2018-10-01,1,1875,0,0,0,0,1488,3
13434,2018-10-06,1,2167,1,1,1,0,1489,3
13435,2018-10-22,1,1170,0,1,0,0,1490,3
13436,2018-10-12,1,684,1,0,1,0,1491,3
13438,2018-10-22,1,635,1,0,1,1,1493,3
13439,2018-10-18,1,925,0,1,1,0,1494,3
13440,2018-10-27,1,709,1,0,1,1,1495,3
13442,2018-10-30,1,602,1,1,1,0,1497,3
13443,2018-10-21,1,2130,0,0,0,1,1498,3
13444,2018-10-17,1,1959,1,1,0,0,1499,3
13447,2018-10-04,1,1768,0,0,0,1,1502,3
13450,2018-10-11,1,2146,0,1,1,1,1505,3
13451,2018-10-03,1,1355,0,0,1,0,1506,3
13454,2018-10-17,1,926,1,1,1,1,1509,3
13458,2018-10-08,1,1149,1,0,1,1,1513,3
13459,2018-10-03,1,2283,0,1,0,0,1514,3
13461,2018-10-24,1,2197,1,1,0,1,1516,3
13467,2018-11-03,1,898,1,1,0,0,1522,3
13468,2018-11-10,1,962,1,0,1,0,1523,3
13469,2018-11-18,1,1875,1,0,1,0,1524,3
13472,2018-11-22,1,1523,0,1,1,0,1527,3
13473,2018-11-17,1,1850,0,0,1,0,1528,3
13474,2018-11-24,1,1828,1,0,1,1,1529,3
13476,2018-11-14,1,1208,0,1,1,0,1531,3
13479,2018-11-16,1,1128,1,0,0,1,1534,3
13480,2018-11-27,1,1541,0,0,0,1,1535,3
13484,2018-11-19,1,863,1,0,1,1,1539,3
13485,2018-11-13,1,1635,1,1,0,0,1540,3
13486,2018-11-20,1,1403,0,0,0,0,1541,3
13488,2018-11-15,1,822,1,1,0,1,1543,3
13491,2018-11-29,1,950,1,1,1,1,1546,3
13497,2018-11-12,1,759,0,0,0,1,1552,3
13499,2018-11-13,1,1957,1,1,0,0,1554,3
13500,2018-11-04,1,2201,1,0,1,1,1555,3
13501,2018-11-16,1,1021,0,1,1,1,1556,3
13503,2018-11-23,1,629,1,0,0,1,1558,3
13504,2018-11-03,1,714,1,1,0,0,1559,3
13506,2018-11-26,1,2477,1,1,0,1,1561,3
13507,2018-11-06,1,1275,0,1,0,0,1562,3
13508,2018-11-15,1,1937,1,1,0,0,1563,3
13510,2018-11-01,1,2482,0,1,1,0,1565,3
13511,2018-11-03,1,2128,0,1,0,1,1566,3
13513,2018-11-10,1,1564,0,0,1,1,1568,3
13514,2018-11-04,1,2380,0,1,0,1,1569,3
13515,2018-11-13,1,867,1,1,1,0,1570,3
13519,2018-11-25,1,757,1,0,0,0,1574,3
13520,2018-11-08,1,754,1,1,0,1,1575,3
13524,2018-11-29,1,1370,1,1,0,0,1579,3
13525,2018-11-06,1,1348,0,1,0,0,1580,3
13526,2018-11-11,1,834,1,1,0,0,1581,3
13528,2018-11-01,1,546,0,1,0,0,1583,3
13529,2018-11-24,1,676,0,0,1,1,1584,3
13530,2018-11-02,1,1487,0,0,1,0,1585,3
13534,2018-11-12,1,2295,0,1,1,0,1589,3
13535,2018-11-02,1,1709,1,1,1,0,1590,3
13536,2018-11-18,1,2464,0,1,1,1,1591,3
13537,2018-11-21,1,1827,0,1,1,1,1592,3
13538,2018-11-06,1,1284,1,0,0,0,1593,3
13539,2018-11-03,1,1936,0,1,0,0,1594,3
13540,2018-11-20,1,1331,0,0,1,0,1595,3
13544,2018-11-10,1,1579,0,1,1,1,1599,3
12949,2018-06-22,1,1047,1,0,0,0,1004,2
12955,2018-06-06,0,878,1,0,0,0,1010,2
12960,2018-06-01,0,698,1,0,0,0,1015,2
12961,2018-06-30,1,1251,1,0,0,0,1016,2
12971,2018-06-18,1,759,1,1,0,0,1026,2
12983,2018-06-02,1,873,1,1,1,0,1038,2
12985,2018-06-04,0,520,1,0,1,0,1040,2
12994,2018-06-14,0,586,1,0,1,0,1049,2
12996,2018-06-17,1,958,1,0,1,0,1051,2
12997,2018-06-16,1,1971,1,0,1,0,1052,2
12998,2018-06-04,1,1225,1,1,0,0,1053,2
13004,2018-06-07,0,1787,1,1,0,0,1059,2
13009,2018-06-11,1,2353,1,1,1,0,1064,2
13013,2018-06-06,1,1994,1,0,1,0,1068,2
13015,2018-06-22,0,2181,1,0,1,0,1070,2
13019,2018-06-28,1,541,1,1,0,0,1074,2
13020,2018-06-30,1,1164,1,0,0,0,1075,2
13021,2018-06-16,0,2289,1,0,0,0,1076,2
13031,2018-06-27,0,620,1,1,0,0,1086,2
13032,2018-06-27,0,2418,1,0,1,0,1087,2
13034,2018-06-04,1,2139,1,1,0,0,1089,2
13041,2018-06-14,1,2342,1,0,0,0,1096,2
13042,2018-06-01,0,717,1,1,1,0,1097,2
13050,2018-07-21,1,2345,1,1,0,0,1105,2
13057,2018-07-24,0,625,1,1,1,0,1112,2
13058,2018-07-20,1,1643,1,0,1,0,1113,2
13061,2018-07-24,0,1354,1,0,0,0,1116,2
13073,2018-07-24,1,2250,1,1,0,0,1128,2
13075,2018-07-28,0,1668,1,0,1,0,1130,2
13083,2018-07-14,0,1666,1,1,1,0,1138,2
13084,2018-07-13,0,1140,1,0,0,0,1139,2
13096,2018-07-26,1,521,1,1,0,0,1151,2
13100,2018-07-11,1,1627,1,1,1,0,1155,2
13110,2018-07-15,1,1192,1,1,0,0,1165,2
13113,2018-07-05,0,2241,1,0,1,0,1168,2
13114,2018-07-08,0,2052,1,1,1,0,1169,2
13116,2018-07-22,1,1351,1,0,1,0,1171,2
13118,2018-07-04,0,1798,1,0,1,0,1173,2
13119,2018-07-01,0,1253,1,1,1,0,1174,2
13124,2018-07-01,0,2084,1,0,1,0,1179,2
13127,2018-07-25,0,500,1,0,0,0,1182,2
13129,2018-07-20,1,1195,1,1,0,0,1184,2
13138,2018-07-25,0,2295,1,1,1,0,1193,2
13143,2018-07-03,0,2141,1,0,0,0,1198,2
13145,2018-08-05,0,1662,1,1,1,0,1200,2
13146,2018-08-27,0,910,1,0,0,0,1201,2
13147,2018-08-10,0,2402,1,0,1,0,1202,2
13154,2018-08-30,0,2255,1,0,1,0,1209,2
13155,2018-08-02,0,974,1,1,0,0,1210,2
13157,2018-08-02,0,1612,1,1,0,0,1212,2
13167,2018-08-17,1,1950,1,0,0,0,1222,2
13172,2018-08-10,0,705,1,1,1,0,1227,2
13179,2018-08-05,1,926,1,0,1,0,1234,2
13181,2018-08-30,1,2064,1,0,1,0,1236,2
13193,2018-08-14,1,2364,1,0,0,0,1248,2
13201,2018-08-11,0,833,1,0,0,0,1256,2
13202,2018-08-05,1,1031,1,1,0,0,1257,2
13203,2018-08-23,0,1947,1,0,1,0,1258,2
13207,2018-08-20,0,1349,1,1,0,0,1262,2
13215,2018-08-17,0,975,1,0,0,0,1270,2
13225,2018-08-17,1,1302,1,0,0,0,1280,2
13227,2018-08-28,0,2107,1,0,1,0,1282,2
13238,2018-08-14,0,1704,1,1,0,0,1293,2
13240,2018-08-21,0,1967,1,1,0,0,1295,2
13249,2018-09-12,1,1801,1,0,1,0,1304,2
13253,2018-09-26,1,1698,1,0,0,0,1308,2
13257,2018-09-01,1,1150,1,1,1,0,1312,2
13258,2018-09-15,1,762,1,0,1,0,1313,2
13263,2018-09-18,0,1755,1,1,1,0,1318,2
13264,2018-09-12,1,954,1,0,0,0,1319,2
13270,2018-09-09,0,2070,1,1,1,0,1325,2
13275,2018-09-15,0,2391,1,1,0,0,1330,2
13276,2018-09-08,1,1337,1,1,0,0,1331,2
13278,2018-09-09,0,1782,1,0,0,0,1333,2
13285,2018-09-22,1,1493,1,0,1,0,1340,2
13287,2018-09-25,1,1004,1,0,0,0,1342,2
13290,2018-09-20,0,858,1,0,1,0,1345,2
13293,2018-09-17,1,1227,1,0,1,0,1348,2
13305,2018-09-16,1,1393,1,0,1,0,1360,2
13312,2018-09-13,0,856,1,0,0,0,1367,2
13317,2018-09-25,1,2173,1,1,1,0,1372,2
13325,2018-09-01,1,1892,1,0,0,0,1380,2
13331,2018-09-16,1,1009,1,0,1,0,1386,2
13337,2018-09-02,0,1008,1,0,1,0,1392,2
13340,2018-09-03,0,2314,1,0,0,0,1395,2
13347,2018-09-15,1,1533,1,0,0,0,1402,2
13352,2018-09-04,0,1791,1,0,0,0,1407,2
13355,2018-09-06,1,693,1,1,1,0,1410,2
12957,2018-06-26,1,1096,1,1,1,1,1012,2
12962,2018-06-17,1,1500,1,0,0,1,1017,2
12965,2018-06-01,1,1507,1,1,0,1,1020,2
12969,2018-06-01,1,2164,1,1,1,1,1024,2
12973,2018-06-28,1,1214,1,1,1,1,1028,2
12977,2018-06-18,0,804,1,1,0,1,1032,2
12980,2018-06-21,0,1744,1,1,1,1,1035,2
12982,2018-06-12,1,1769,1,1,1,1,1037,2
12984,2018-06-07,1,2088,1,0,0,1,1039,2
12986,2018-06-12,1,1642,1,0,1,1,1041,2
12987,2018-06-26,1,1261,1,1,0,1,1042,2
12990,2018-06-07,0,2191,1,1,0,1,1045,2
12992,2018-06-10,1,874,1,1,0,1,1047,2
12995,2018-06-19,0,972,1,1,0,1,1050,2
12999,2018-06-25,0,1789,1,1,0,1,1054,2
13000,2018-06-29,0,523,1,0,1,1,1055,2
13001,2018-06-23,1,1548,1,1,1,1,1056,2
13008,2018-06-24,1,1976,1,1,0,1,1063,2
13018,2018-06-11,0,1651,1,1,0,1,1073,2
13022,2018-06-11,0,1519,1,1,0,1,1077,2
13035,2018-06-23,0,2023,1,1,1,1,1090,2
13039,2018-06-29,1,2487,1,0,0,1,1094,2
13056,2018-07-03,0,2418,1,1,0,1,1111,2
13062,2018-07-13,1,1614,1,0,0,1,1117,2
13063,2018-07-03,1,1764,1,1,0,1,1118,2
13064,2018-07-18,1,1848,1,1,0,1,1119,2
13065,2018-07-08,1,953,1,0,1,1,1120,2
13067,2018-07-26,0,1726,1,0,1,1,1122,2
13068,2018-07-25,1,741,1,1,0,1,1123,2
13070,2018-07-15,0,775,1,1,1,1,1125,2
13076,2018-07-20,1,1303,1,1,0,1,1131,2
13081,2018-07-02,1,2040,1,1,0,1,1136,2
13092,2018-07-02,1,2117,1,1,1,1,1147,2
13094,2018-07-13,0,2141,1,1,1,1,1149,2
13095,2018-07-19,1,1286,1,1,1,1,1150,2
13097,2018-07-18,0,1002,1,1,0,1,1152,2
13099,2018-07-04,1,1796,1,0,1,1,1154,2
13103,2018-07-09,0,2220,1,1,1,1,1158,2
13104,2018-07-15,0,705,1,0,1,1,1159,2
13107,2018-07-20,1,2359,1,1,1,1,1162,2
13108,2018-07-02,1,1857,1,0,1,1,1163,2
13111,2018-07-13,0,1490,1,0,1,1,1166,2
13112,2018-07-15,1,2156,1,1,1,1,1167,2
13115,2018-07-10,0,1371,1,0,1,1,1170,2
13122,2018-07-13,0,1949,1,0,0,1,1177,2
13125,2018-07-22,1,2434,1,0,0,1,1180,2
13132,2018-07-17,1,532,1,1,0,1,1187,2
13159,2018-08-26,0,1545,1,0,1,1,1214,2
13160,2018-08-14,1,1566,1,0,0,1,1215,2
13162,2018-08-25,1,1441,1,1,1,1,1217,2
13163,2018-08-03,1,1005,1,1,0,1,1218,2
13166,2018-08-26,0,2033,1,1,1,1,1221,2
13175,2018-08-24,0,2471,1,1,1,1,1230,2
13180,2018-08-12,0,2171,1,1,1,1,1235,2
13182,2018-08-25,1,934,1,0,1,1,1237,2
13183,2018-08-07,0,1681,1,1,1,1,1238,2
13191,2018-08-17,0,2198,1,1,1,1,1246,2
13195,2018-08-23,1,1911,1,1,0,1,1250,2
13204,2018-08-18,1,1757,1,0,1,1,1259,2
13206,2018-08-05,0,1078,1,1,0,1,1261,2
13211,2018-08-08,0,973,1,1,0,1,1266,2
13214,2018-08-15,0,1878,1,0,1,1,1269,2
13216,2018-08-19,1,803,1,0,0,1,1271,2
13217,2018-08-30,1,2339,1,0,1,1,1272,2
13219,2018-08-16,1,1539,1,0,1,1,1274,2
13223,2018-08-25,0,2238,1,0,0,1,1278,2
13224,2018-08-30,0,2192,1,1,1,1,1279,2
13230,2018-08-11,0,1689,1,1,1,1,1285,2
13232,2018-08-17,1,2403,1,0,0,1,1287,2
13234,2018-08-07,0,2268,1,1,1,1,1289,2
13236,2018-08-02,0,1538,1,1,1,1,1291,2
13239,2018-08-18,0,2018,1,1,1,1,1294,2
13251,2018-09-01,0,1893,1,0,0,1,1306,2
13252,2018-09-18,0,1280,1,1,1,1,1307,2
13254,2018-09-24,0,578,1,0,0,1,1309,2
13260,2018-09-05,1,1784,1,1,1,1,1315,2
13261,2018-09-16,0,1278,1,1,0,1,1316,2
13262,2018-09-12,0,1312,1,1,0,1,1317,2
13265,2018-09-01,0,1451,1,0,1,1,1320,2
13267,2018-09-08,0,2380,1,1,0,1,1322,2
13268,2018-09-13,1,1573,1,0,0,1,1323,2
13273,2018-09-17,0,1142,1,0,0,1,1328,2
13274,2018-09-27,1,2023,1,0,1,1,1329,2
13282,2018-09-21,1,2386,1,1,1,1,1337,2
13286,2018-09-18,1,2195,1,0,0,1,1341,2
13289,2018-09-06,0,710,1,0,0,1,1344,2
13292,2018-09-24,1,2157,1,1,1,1,1347,2
13296,2018-09-21,0,1546,1,0,1,1,1351,2
13299,2018-09-27,0,1609,1,1,1,1,1354,2
13310,2018-09-28,1,965,1,0,1,1,1365,2
13311,2018-09-07,1,1177,1,1,0,1,1366,2
13313,2018-09-12,0,2473,1,1,0,1,1368,2
13315,2018-09-18,0,1104,1,0,1,1,1370,2
13319,2018-09-20,0,1402,1,1,0,1,1374,2
13320,2018-09-06,0,1088,1,0,1,1,1375,2
13321,2018-09-07,0,1890,1,0,0,1,1376,2
13323,2018-09-06,1,553,1,1,0,1,1378,2
13327,2018-09-06,0,999,1,0,1,1,1382,2
13336,2018-09-10,0,2354,1,1,1,1,1391,2
13338,2018-09-12,1,1715,1,0,1,1,1393,2
13348,2018-09-23,1,1147,1,1,1,1,1403,2
13354,2018-09-02,0,2115,1,1,1,1,1409,2
13358,2018-09-06,1,2272,1,0,0,1,1413,2
13360,2018-09-20,1,1357,1,0,0,1,1415,2
12950,2018-06-14,1,2001,0,0,0,0,1005,2
12951,2018-06-26,0,1327,0,0,0,1,1006,2
12952,2018-06-21,0,2367,0,1,0,1,1007,2
12963,2018-06-30,1,2422,0,1,0,1,1018,2
12966,2018-06-28,0,609,0,1,0,1,1021,2
12967,2018-06-25,1,1339,0,1,0,1,1022,2
12968,2018-06-07,0,1730,0,1,0,0,1023,2
12970,2018-06-23,0,1791,0,1,0,1,1025,2
12974,2018-06-13,1,2104,0,1,0,1,1029,2
12975,2018-06-09,1,538,0,1,0,1,1030,2
12976,2018-06-27,0,1951,0,1,0,0,1031,2
12978,2018-06-08,1,1778,0,1,0,0,1033,2
12979,2018-06-22,0,1368,0,0,0,1,1034,2
12981,2018-06-10,1,844,0,0,0,1,1036,2
12993,2018-06-18,1,1217,0,1,0,1,1048,2
13002,2018-06-06,0,1524,0,1,0,0,1057,2
13003,2018-06-18,1,752,0,1,0,1,1058,2
13007,2018-06-15,0,920,0,0,0,0,1062,2
13011,2018-06-14,1,1998,0,1,0,0,1066,2
13012,2018-06-03,0,593,0,1,0,1,1067,2
13014,2018-06-13,0,1595,0,0,0,1,1069,2
13024,2018-06-20,0,1798,0,0,0,1,1079,2
13028,2018-06-26,1,1933,0,1,0,0,1083,2
13029,2018-06-29,0,911,0,0,0,0,1084,2
13033,2018-06-18,1,1785,0,0,0,0,1088,2
13036,2018-06-06,0,2099,0,0,0,1,1091,2
13044,2018-06-23,1,751,0,1,0,0,1099,2
13045,2018-07-29,1,2277,0,0,0,1,1100,2
13046,2018-07-06,0,2205,0,0,0,1,1101,2
13047,2018-07-05,1,1095,0,0,0,1,1102,2
13049,2018-07-24,1,2489,0,1,0,0,1104,2
13051,2018-07-05,0,1712,0,1,0,0,1106,2
13054,2018-07-23,0,882,0,0,0,1,1109,2
13066,2018-07-03,0,2009,0,0,0,1,1121,2
13069,2018-07-17,0,2467,0,1,0,0,1124,2
13082,2018-07-11,0,1211,0,1,0,0,1137,2
13085,2018-07-22,0,2108,0,0,0,1,1140,2
13086,2018-07-09,1,1734,0,0,0,1,1141,2
13087,2018-07-10,0,1281,0,0,0,0,1142,2
13088,2018-07-05,0,1926,0,1,0,1,1143,2
13098,2018-07-30,1,1425,0,0,0,0,1153,2
13101,2018-07-25,1,1019,0,1,0,0,1156,2
13105,2018-07-06,1,1925,0,0,0,0,1160,2
13106,2018-07-11,1,1673,0,0,0,1,1161,2
13120,2018-07-08,1,1939,0,0,0,0,1175,2
13121,2018-07-25,1,2475,0,1,0,0,1176,2
13128,2018-07-30,1,1977,0,1,0,1,1183,2
13130,2018-07-14,0,1163,0,0,0,1,1185,2
13133,2018-07-23,0,2478,0,0,0,0,1188,2
13134,2018-07-15,1,1388,0,0,0,0,1189,2
13135,2018-07-24,1,1076,0,0,0,0,1190,2
13137,2018-07-17,0,1225,0,1,0,0,1192,2
13141,2018-07-06,1,1967,0,0,0,1,1196,2
13148,2018-08-18,1,1731,0,0,0,0,1203,2
13151,2018-08-30,1,2301,0,0,0,0,1206,2
13152,2018-08-03,0,1157,0,1,0,0,1207,2
13168,2018-08-20,0,699,0,1,0,1,1223,2
13169,2018-08-30,0,817,0,1,0,0,1224,2
13170,2018-08-14,1,2435,0,1,0,1,1225,2
13174,2018-08-26,1,1398,0,1,0,0,1229,2
13177,2018-08-28,0,675,0,1,0,1,1232,2
13178,2018-08-30,1,1035,0,0,0,0,1233,2
13184,2018-08-17,1,1556,0,1,0,1,1239,2
13188,2018-08-13,1,1799,0,0,0,1,1243,2
13190,2018-08-23,0,2143,0,1,0,0,1245,2
13194,2018-08-07,1,533,0,1,0,0,1249,2
13196,2018-08-21,0,1559,0,1,0,1,1251,2
13198,2018-08-22,0,878,0,0,0,0,1253,2
13199,2018-08-04,0,1090,0,1,0,0,1254,2
13208,2018-08-05,1,1801,0,1,0,1,1263,2
13209,2018-08-03,1,511,0,0,0,1,1264,2
13212,2018-08-19,0,747,0,1,0,1,1267,2
13218,2018-08-17,1,1340,0,1,0,0,1273,2
13221,2018-08-26,1,1083,0,0,0,1,1276,2
13228,2018-08-25,1,1212,0,1,0,1,1283,2
13242,2018-08-03,1,2253,0,1,0,1,1297,2
13243,2018-08-26,1,1969,0,1,0,1,1298,2
13244,2018-08-03,0,667,0,0,0,0,1299,2
13245,2018-09-03,0,1584,0,0,0,1,1300,2
13246,2018-09-14,1,577,0,1,0,1,1301,2
13247,2018-09-29,0,2441,0,1,0,0,1302,2
13250,2018-09-19,0,1613,0,1,0,1,1305,2
13259,2018-09-02,0,1418,0,0,0,0,1314,2
13272,2018-09-29,0,578,0,0,0,1,1327,2
13281,2018-09-05,0,1528,0,0,0,0,1336,2
13284,2018-09-19,0,2490,0,1,0,0,1339,2
13295,2018-09-29,1,1471,0,1,0,1,1350,2
13297,2018-09-10,0,1391,0,0,0,0,1352,2
13298,2018-09-11,1,1971,0,1,0,1,1353,2
13303,2018-09-11,1,1696,0,0,0,0,1358,2
13304,2018-09-05,0,1794,0,0,0,1,1359,2
13307,2018-09-29,0,1497,0,0,0,1,1362,2
13308,2018-09-27,0,2152,0,0,0,1,1363,2
13326,2018-09-07,0,1680,0,1,0,0,1381,2
13328,2018-09-09,0,690,0,0,0,0,1383,2
13333,2018-09-19,1,630,0,1,0,0,1388,2
13334,2018-09-16,1,840,0,1,0,1,1389,2
13341,2018-09-29,1,758,0,1,0,0,1396,2
13342,2018-09-01,1,1427,0,1,0,0,1397,2
13350,2018-09-05,0,1362,0,1,0,0,1405,2
13351,2018-09-24,0,1900,0,0,0,0,1406,2
13356,2018-09-01,0,1939,0,1,0,1,1411,2
13359,2018-09-18,0,2134,0,1,0,0,1414,2
12954,2018-06-09,0,1744,0,1,1,1,1009,2
12964,2018-06-22,1,1197,0,1,1,1,1019,2
12988,2018-06-24,0,2266,0,1,1,0,1043,2
12989,2018-06-27,0,2302,0,1,1,1,1044,2
13010,2018-06-19,1,1045,0,1,1,0,1065,2
13016,2018-06-16,0,2403,0,1,1,0,1071,2
13023,2018-06-05,1,1840,0,1,1,1,1078,2
13025,2018-06-15,0,933,0,1,1,0,1080,2
13030,2018-06-10,1,2299,0,1,1,1,1085,2
13048,2018-07-23,0,552,0,1,1,1,1103,2
13052,2018-07-23,1,2326,0,1,1,1,1107,2
13077,2018-07-07,1,691,0,1,1,0,1132,2
13078,2018-07-07,1,1157,0,1,1,0,1133,2
13080,2018-07-05,0,563,0,1,1,1,1135,2
13090,2018-07-26,0,2199,0,1,1,1,1145,2
13123,2018-07-25,1,1143,0,1,1,1,1178,2
13136,2018-07-01,0,564,0,1,1,1,1191,2
13139,2018-07-23,1,2285,0,1,1,1,1194,2
13140,2018-07-28,1,508,0,1,1,0,1195,2
13142,2018-07-10,0,1553,0,1,1,1,1197,2
13144,2018-07-29,1,2102,0,1,1,0,1199,2
13149,2018-08-24,1,557,0,1,1,0,1204,2
13153,2018-08-06,1,629,0,1,1,0,1208,2
13158,2018-08-03,1,2410,0,1,1,1,1213,2
13165,2018-08-14,1,1835,0,1,1,1,1220,2
13173,2018-08-17,0,2443,0,1,1,1,1228,2
13176,2018-08-22,1,1854,0,1,1,0,1231,2
13186,2018-08-23,0,2048,0,1,1,1,1241,2
13189,2018-08-11,1,2292,0,1,1,0,1244,2
13205,2018-08-02,0,993,0,1,1,0,1260,2
13222,2018-08-30,1,2380,0,1,1,0,1277,2
13229,2018-08-28,0,1090,0,1,1,0,1284,2
13231,2018-08-11,0,1390,0,1,1,0,1286,2
13233,2018-08-30,1,1525,0,1,1,0,1288,2
13248,2018-09-20,1,616,0,1,1,1,1303,2
13255,2018-09-28,0,2085,0,1,1,0,1310,2
13256,2018-09-11,0,1258,0,1,1,0,1311,2
13266,2018-09-06,1,2485,0,1,1,1,1321,2
13271,2018-09-16,0,1995,0,1,1,1,1326,2
13280,2018-09-27,1,1680,0,1,1,0,1335,2
13300,2018-09-26,1,1868,0,1,1,1,1355,2
13306,2018-09-11,0,2042,0,1,1,0,1361,2
13316,2018-09-04,0,765,0,1,1,1,1371,2
13318,2018-09-14,1,1897,0,1,1,0,1373,2
13322,2018-09-06,0,526,0,1,1,0,1377,2
13335,2018-09-14,1,2201,0,1,1,0,1390,2
13343,2018-09-22,0,1101,0,1,1,1,1398,2
13345,2018-09-24,0,1977,0,1,1,1,1400,2
13346,2018-09-21,1,1569,0,1,1,0,1401,2
13349,2018-09-04,1,1413,0,1,1,0,1404,2
13357,2018-09-23,0,1191,0,1,1,0,1412,2
12953,2018-06-27,1,1829,0,0,1,0,1008,2
12956,2018-06-11,0,641,0,0,1,1,1011,2
12958,2018-06-21,1,1761,0,0,1,1,1013,2
12959,2018-06-15,1,875,0,0,1,1,1014,2
12972,2018-06-14,1,1199,0,0,1,0,1027,2
12991,2018-06-29,1,620,0,0,1,0,1046,2
13005,2018-06-02,1,1416,0,0,1,1,1060,2
13006,2018-06-16,1,1685,0,0,1,1,1061,2
13017,2018-06-08,1,1918,0,0,1,0,1072,2
13026,2018-06-27,0,2291,0,0,1,1,1081,2
13027,2018-06-28,1,648,0,0,1,0,1082,2
13037,2018-06-19,1,1559,0,0,1,0,1092,2
13038,2018-06-11,0,1277,0,0,1,1,1093,2
13040,2018-06-02,0,1717,0,0,1,1,1095,2
13043,2018-06-16,0,1533,0,0,1,0,1098,2
13053,2018-07-06,0,505,0,0,1,1,1108,2
13055,2018-07-18,1,837,0,0,1,0,1110,2
13059,2018-07-28,0,1564,0,0,1,0,1114,2
13060,2018-07-13,0,1642,0,0,1,1,1115,2
13071,2018-07-19,1,1545,0,0,1,0,1126,2
13072,2018-07-14,1,631,0,0,1,1,1127,2
13074,2018-07-07,0,1741,0,0,1,0,1129,2
13079,2018-07-14,1,648,0,0,1,0,1134,2
13089,2018-07-28,1,2095,0,0,1,0,1144,2
13091,2018-07-16,1,611,0,0,1,0,1146,2
13093,2018-07-23,0,1427,0,0,1,1,1148,2
13102,2018-07-14,0,1492,0,0,1,0,1157,2
13109,2018-07-28,1,2235,0,0,1,1,1164,2
13117,2018-07-11,0,1008,0,0,1,0,1172,2
13126,2018-07-25,0,2313,0,0,1,0,1181,2
13131,2018-07-16,1,2010,0,0,1,1,1186,2
13150,2018-08-10,1,1377,0,0,1,0,1205,2
13156,2018-08-17,1,1399,0,0,1,0,1211,2
13161,2018-08-23,1,703,0,0,1,1,1216,2
13164,2018-08-04,1,2163,0,0,1,0,1219,2
13171,2018-08-22,0,1216,0,0,1,0,1226,2
13185,2018-08-22,1,2111,0,0,1,1,1240,2
13187,2018-08-07,0,507,0,0,1,0,1242,2
13192,2018-08-08,1,581,0,0,1,0,1247,2
13197,2018-08-16,0,2477,0,0,1,0,1252,2
13200,2018-08-24,0,909,0,0,1,1,1255,2
13210,2018-08-23,0,1709,0,0,1,1,1265,2
13213,2018-08-06,1,1102,0,0,1,0,1268,2
13220,2018-08-23,0,1364,0,0,1,1,1275,2
13226,2018-08-06,1,773,0,0,1,0,1281,2
13235,2018-08-26,0,1261,0,0,1,1,1290,2
13237,2018-08-17,1,1536,0,0,1,1,1292,2
13241,2018-08-08,1,1884,0,0,1,1,1296,2
13269,2018-09-04,0,2220,0,0,1,1,1324,2
13277,2018-09-16,0,2384,0,0,1,1,1332,2
13279,2018-09-30,0,2458,0,0,1,1,1334,2
13283,2018-09-23,0,531,0,0,1,0,1338,2
13288,2018-09-21,1,698,0,0,1,0,1343,2
13291,2018-09-06,1,892,0,0,1,1,1346,2
13294,2018-09-04,0,733,0,0,1,0,1349,2
13301,2018-09-14,0,2057,0,0,1,1,1356,2
13302,2018-09-12,1,774,0,0,1,0,1357,2
13309,2018-09-01,1,643,0,0,1,1,1364,2
13314,2018-09-30,0,1112,0,0,1,1,1369,2
13324,2018-09-14,0,1612,0,0,1,1,1379,2
13329,2018-09-05,1,1015,0,0,1,0,1384,2
13330,2018-09-04,1,2080,0,0,1,1,1385,2
13332,2018-09-15,1,1616,0,0,1,1,1387,2
13339,2018-09-27,1,1496,0,0,1,1,1394,2
13344,2018-09-06,1,843,0,0,1,1,1399,2
13353,2018-09-14,1,1593,0,0,1,1,1408,2
