policy_id,date_of_purchase,customer_id,vehicle_segment,premium,bil,pip,pdl, collision, comprehensive
12365,1/23/2018,420,A,1493,1,0,0,0,0
12367,1/3/2018,420,A,685,1,1,0,1,0
12378,1/26/2018,420,A,1035,1,0,1,0,0
12381,1/24/2018,420,A,2003,1,1,0,1,0
12385,1/9/2018,420,A,568,1,1,1,0,0
12388,1/14/2018,420,A,1246,1,0,0,0,0
12389,1/24/2018,420,A,1295,1,1,0,0,0
12400,1/13/2018,420,A,1459,1,0,0,0,0
12401,1/17/2018,420,A,1831,1,1,0,0,0
12402,1/30/2018,420,A,1171,1,1,1,0,0
12403,1/10/2018,420,A,1692,1,0,1,1,0
12407,1/24/2018,420,A,2095,1,0,1,1,0
12408,1/20/2018,420,A,1597,1,0,0,1,0
12409,1/15/2018,420,A,2362,1,1,0,1,0
12410,1/17/2018,420,A,1612,1,1,0,1,0
12416,1/13/2018,420,A,2393,1,1,1,1,0
12417,1/5/2018,420,A,1837,1,1,1,0,0
12422,1/4/2018,420,A,1174,1,0,1,1,0
12427,1/1/2018,420,A,2442,1,1,0,0,0
12430,1/3/2018,420,A,2039,1,0,1,1,0
12431,1/27/2018,420,A,898,1,0,0,0,0
12440,1/4/2018,420,A,1915,1,1,1,0,0
12442,1/19/2018,420,A,694,1,1,1,0,0
12447,2/23/2018,420,A,2391,1,0,0,1,0
12448,2/20/2018,420,A,2246,1,0,0,1,0
12452,2/3/2018,420,A,2256,1,0,0,1,0
12454,2/5/2018,420,A,2067,1,1,0,1,0
12455,2/11/2018,420,A,1477,1,0,0,1,0
12459,2/5/2018,420,A,626,1,1,1,1,0
12460,2/11/2018,420,A,1658,1,0,1,1,0
12465,2/14/2018,420,A,2254,1,1,0,1,0
12470,2/25/2018,420,A,2339,1,1,1,1,0
12473,2/16/2018,420,A,850,1,0,1,1,0
12482,2/27/2018,420,A,1746,1,1,0,1,0
12484,2/19/2018,420,A,901,1,1,1,0,0
12490,2/16/2018,420,A,1721,1,0,0,0,0
12495,2/12/2018,420,A,743,1,0,1,0,0
12497,2/25/2018,420,A,1404,1,0,1,0,0
12498,2/22/2018,420,A,1569,1,1,1,0,0
12504,2/25/2018,420,A,2006,1,1,0,1,0
12508,2/6/2018,420,A,2484,1,1,1,1,0
12509,2/6/2018,420,A,640,1,0,1,1,0
12514,2/5/2018,420,A,1475,1,1,1,1,0
12515,2/27/2018,420,A,1663,1,0,1,1,0
12518,2/8/2018,420,A,641,1,0,1,1,0
12528,2/6/2018,420,A,545,1,1,0,0,0
12530,2/12/2018,420,A,615,1,1,1,0,0
12540,2/16/2018,420,A,997,1,1,1,0,0
12542,2/15/2018,420,A,2491,1,0,0,1,0
12544,2/23/2018,420,A,1359,1,1,1,1,0
12546,3/23/2018,420,A,2347,1,1,1,1,0
12554,3/10/2018,420,A,836,1,1,0,1,0
12555,3/3/2018,420,A,525,1,1,0,0,0
12557,3/2/2018,420,A,554,1,0,0,0,0
12559,3/30/2018,420,A,1269,1,1,1,1,0
12562,3/28/2018,420,A,1349,1,0,1,1,0
12563,3/22/2018,420,A,646,1,0,0,1,0
12564,3/1/2018,420,A,1322,1,1,1,1,0
12568,3/30/2018,420,A,690,1,1,1,1,0
12569,3/23/2018,420,A,1679,1,0,1,0,0
12572,3/11/2018,420,A,774,1,1,1,0,0
12573,3/15/2018,420,A,1049,1,0,1,1,0
12576,3/10/2018,420,A,1908,1,0,0,1,0
12583,3/9/2018,420,A,1774,1,0,1,0,0
12584,3/28/2018,420,A,1556,1,0,1,1,0
12585,3/8/2018,420,A,890,1,1,1,0,0
12589,3/25/2018,420,A,1747,1,1,1,1,0
12590,3/22/2018,420,A,2047,1,1,1,0,0
12591,3/8/2018,420,A,878,1,1,1,1,0
12592,3/25/2018,420,A,2073,1,1,0,1,0
12594,3/21/2018,420,A,1215,1,1,0,0,0
12596,12/26/2018,420,A,598,1,0,1,1,0
12598,12/10/2018,420,A,1821,1,0,0,1,0
12601,12/23/2018,420,A,2038,1,1,0,0,0
12602,12/26/2018,420,A,1830,1,1,0,1,0
12607,12/30/2018,420,A,854,1,1,0,0,0
12610,12/1/2018,420,A,1975,1,1,0,1,0
12615,12/6/2018,420,A,2212,1,0,0,1,0
12618,12/25/2018,420,A,733,1,1,1,0,0
12620,3/17/2018,420,A,2373,1,1,0,1,0
12621,3/3/2018,420,A,776,1,0,0,0,0
12622,3/28/2018,420,A,1729,1,1,0,0,0
12626,3/21/2018,420,A,2499,1,1,0,0,0
12627,3/23/2018,420,A,2292,1,0,0,0,0
12630,3/26/2018,420,A,694,1,1,1,1,0
12631,3/21/2018,420,A,585,1,0,1,0,0
12639,3/24/2018,420,A,2104,1,1,1,1,0
12641,3/20/2018,420,A,2390,1,0,0,0,0
12643,3/6/2018,420,A,1116,1,1,1,0,0
12650,4/17/2018,420,A,598,1,0,0,1,0
12658,4/19/2018,420,A,1615,1,0,0,1,0
12659,4/23/2018,420,A,2399,1,0,0,1,0
12664,4/22/2018,420,A,1150,1,0,0,0,0
12666,4/10/2018,420,A,1211,1,0,1,1,0
12671,4/19/2018,420,A,681,1,0,1,1,0
12672,4/8/2018,420,A,1428,1,1,0,0,0
12677,4/25/2018,420,A,555,1,0,0,1,0
12685,4/7/2018,420,A,2081,1,1,1,0,0
12695,4/21/2018,420,A,1450,1,0,0,0,0
12366,1/2/2018,420,A,661,0,1,1,0,0
12375,1/22/2018,420,A,1047,0,1,0,1,0
840,1/4/2018,420,A,2089,0,1,0,1,0
12380,1/20/2018,420,A,1827,0,0,1,1,0
12383,1/3/2018,420,A,1197,0,1,0,1,0
12395,1/16/2018,420,A,2072,0,0,1,0,0
12396,1/18/2018,420,A,2103,0,0,0,1,0
12399,1/11/2018,420,A,2132,0,0,0,1,0
12405,1/23/2018,420,A,2451,0,1,0,0,0
12418,1/1/2018,420,A,1598,0,0,1,0,0
12420,1/25/2018,420,A,591,0,0,1,0,0
12428,1/23/2018,420,A,1763,0,1,1,0,0
12432,1/12/2018,420,A,823,0,0,1,1,0
12433,1/11/2018,420,A,1144,0,1,0,0,0
12434,1/23/2018,420,A,1051,0,0,1,0,0
12435,1/10/2018,420,A,1212,0,0,1,0,0
12436,1/13/2018,420,A,1829,0,1,1,0,0
12437,1/15/2018,420,A,1548,0,0,0,1,0
12443,1/5/2018,420,A,637,0,0,1,1,0
12449,2/3/2018,420,A,1328,0,1,1,0,0
12451,2/25/2018,420,A,1611,0,1,0,1,0
12453,2/26/2018,420,A,1284,0,0,0,0,0
12458,2/3/2018,420,A,1870,0,0,0,0,0
12462,2/2/2018,420,A,1083,0,0,1,1,0
12463,2/6/2018,420,A,2253,0,1,0,1,0
12469,2/3/2018,420,A,2310,0,0,1,1,0
12475,2/22/2018,420,A,2128,0,0,0,1,0
12479,2/8/2018,420,A,1231,0,1,0,1,0
12485,2/4/2018,420,A,2021,0,0,1,1,0
12487,2/19/2018,420,A,2338,0,0,1,1,0
12489,2/14/2018,420,A,2227,0,1,0,0,0
12491,2/5/2018,420,A,1914,0,0,1,1,0
12492,2/10/2018,420,A,1149,0,0,0,0,0
12494,2/22/2018,420,A,2025,0,0,0,1,0
12502,2/15/2018,420,A,2205,0,1,1,1,0
12506,2/2/2018,420,A,1574,0,1,1,0,0
12510,2/12/2018,420,A,663,0,0,1,1,0
12511,2/22/2018,420,A,1504,0,0,0,0,0
12516,2/14/2018,420,A,1179,0,1,0,0,0
12519,2/24/2018,420,A,1002,0,0,1,0,0
12524,2/21/2018,420,A,2193,0,1,0,1,0
12527,2/13/2018,420,A,2310,0,0,1,1,0
12535,2/27/2018,420,A,910,0,1,1,0,0
12536,2/19/2018,420,A,1030,0,1,1,0,0
12538,2/17/2018,420,A,600,0,1,1,0,0
12548,3/7/2018,420,A,935,0,1,0,1,0
12549,3/27/2018,420,A,2191,0,1,0,0,0
12550,3/18/2018,420,A,1245,0,1,0,1,0
12551,3/5/2018,420,A,2448,0,0,1,1,0
12556,3/27/2018,420,A,1640,0,1,0,0,0
12558,3/20/2018,420,A,599,0,1,1,1,0
12565,3/30/2018,420,A,1050,0,0,1,0,0
12566,3/23/2018,420,A,2114,0,1,0,0,0
12575,3/10/2018,420,A,653,0,1,0,0,0
12582,3/10/2018,420,A,1669,0,0,1,0,0
12593,3/4/2018,420,A,519,0,1,1,0,0
12595,3/25/2018,420,A,1821,0,1,1,0,0
12597,12/10/2018,420,A,1768,0,0,0,1,0
12599,12/27/2018,420,A,2093,0,0,1,0,0
12603,12/25/2018,420,A,1607,0,1,0,1,0
12612,12/19/2018,420,A,642,0,1,1,0,0
12629,3/8/2018,420,A,613,0,0,1,0,0
12632,3/1/2018,420,A,1965,0,1,0,0,0
12633,3/10/2018,420,A,1414,0,0,0,0,0
12634,3/16/2018,420,A,1015,0,0,1,0,0
12635,3/28/2018,420,A,1074,0,0,1,0,0
12637,3/11/2018,420,A,873,0,0,0,0,0
12642,3/11/2018,420,A,948,0,0,1,0,0
12647,4/24/2018,420,A,1601,0,1,0,0,0
12654,4/25/2018,420,A,738,0,1,1,1,0
12655,4/13/2018,420,A,1869,0,0,1,0,0
12657,4/6/2018,420,A,1506,0,0,1,1,0
12660,4/16/2018,420,A,761,0,1,0,0,0
12662,4/19/2018,420,A,1873,0,1,1,0,0
12667,4/22/2018,420,A,1944,0,0,0,0,0
12675,4/12/2018,420,A,1475,0,0,0,1,0
12681,4/28/2018,420,A,1759,0,0,0,1,0
12682,4/7/2018,420,A,2125,0,0,1,0,0
12694,4/3/2018,420,A,2362,0,1,1,0,0
12696,4/2/2018,420,A,2032,0,1,1,0,0
12697,4/12/2018,420,A,516,0,0,0,0,0
12698,4/30/2018,420,A,513,0,1,1,0,0
12368,1/8/2018,420,A,1006,1,1,1,1,1
12371,1/25/2018,420,A,2355,0,1,1,1,1
12372,1/5/2018,420,A,1921,1,1,1,0,1
12373,1/21/2018,420,A,2200,0,1,0,1,1
12374,1/27/2018,420,A,2357,0,1,1,1,1
12379,1/29/2018,420,A,526,1,1,1,0,1
12382,1/8/2018,420,A,1960,0,1,1,1,1
12384,1/21/2018,420,A,614,0,1,0,0,1
12391,1/6/2018,420,A,1979,1,1,1,1,1
12397,1/15/2018,420,A,1929,0,1,0,0,1
12404,1/11/2018,420,A,1262,0,1,1,0,1
12413,1/20/2018,420,A,1301,0,1,0,0,1
12414,1/16/2018,420,A,2411,1,1,0,0,1
12415,1/10/2018,420,A,1065,0,1,0,0,1
12421,1/18/2018,420,A,1617,1,1,1,0,1
12423,1/28/2018,420,A,2241,1,1,1,0,1
12424,1/31/2018,420,A,2248,1,1,0,1,1
12425,1/27/2018,420,A,2121,1,1,0,0,1
12438,1/6/2018,420,A,1663,1,1,0,1,1
12444,2/10/2018,420,A,1959,1,1,0,0,1
12445,2/8/2018,420,A,1673,0,1,1,1,1
12450,2/13/2018,420,A,2455,1,1,1,1,1
12461,2/16/2018,420,A,1168,0,1,0,1,1
12464,2/5/2018,420,A,708,1,1,1,0,1
12466,2/15/2018,420,A,1092,0,1,0,0,1
12472,2/11/2018,420,A,1628,1,1,0,0,1
12474,2/14/2018,420,A,618,0,1,0,1,1
12480,2/27/2018,420,A,510,0,1,0,0,1
12481,2/14/2018,420,A,2376,0,1,1,0,1
12500,2/17/2018,420,A,1464,1,1,0,1,1
12501,2/20/2018,420,A,2487,1,1,0,0,1
12505,2/27/2018,420,A,2168,1,1,0,0,1
12512,2/17/2018,420,A,1908,0,1,0,1,1
12517,2/17/2018,420,A,898,0,1,1,0,1
12522,2/19/2018,420,A,2316,0,1,1,1,1
12531,2/2/2018,420,A,727,1,1,1,0,1
12532,2/10/2018,420,A,685,0,1,0,1,1
12539,2/21/2018,420,A,540,1,1,0,0,1
12543,2/22/2018,420,A,651,1,1,1,0,1
12552,3/29/2018,420,A,525,0,1,1,0,1
12571,3/18/2018,420,A,1241,1,1,1,0,1
12580,3/22/2018,420,A,1651,0,1,0,0,1
12581,3/3/2018,420,A,2490,1,1,1,0,1
12600,12/1/2018,420,A,727,0,1,1,0,1
12605,12/20/2018,420,A,856,1,1,0,0,1
12617,12/28/2018,420,A,2365,0,1,1,0,1
12619,12/9/2018,420,A,2266,1,1,0,0,1
12623,3/30/2018,420,A,2437,0,1,1,1,1
12625,3/1/2018,420,A,751,0,1,1,1,1
12636,3/24/2018,420,A,1583,1,1,0,0,1
12638,3/3/2018,420,A,1650,0,1,0,1,1
12645,4/24/2018,420,A,1302,1,1,0,1,1
12646,4/4/2018,420,A,1895,0,1,0,1,1
12651,4/28/2018,420,A,1023,0,1,0,0,1
12652,4/12/2018,420,A,1638,1,1,0,1,1
12653,4/11/2018,420,A,2076,1,1,0,0,1
12663,4/24/2018,420,A,2190,0,1,1,1,1
12665,4/6/2018,420,A,2495,1,1,1,1,1
12668,4/6/2018,420,A,795,0,1,1,0,1
12669,4/23/2018,420,A,1726,0,1,1,1,1
12674,4/11/2018,420,A,621,1,1,0,0,1
12676,4/29/2018,420,A,2205,0,1,0,1,1
12678,4/18/2018,420,A,2437,0,1,0,1,1
12683,4/1/2018,420,A,1429,0,1,0,1,1
12687,4/20/2018,420,A,1835,1,1,1,0,1
12691,4/10/2018,420,A,1752,1,1,1,1,1
12699,4/25/2018,420,A,677,1,1,1,1,1
12369,1/16/2018,420,A,1160,1,0,0,1,1
12370,1/25/2018,420,A,1602,0,0,0,1,1
12377,1/15/2018,420,A,1780,0,0,0,1,1
12386,1/12/2018,420,A,2149,1,0,1,1,1
12387,1/27/2018,420,A,1797,1,0,1,0,1
12390,1/21/2018,420,A,642,0,0,1,0,1
12392,1/13/2018,420,A,2327,0,0,1,1,1
12393,1/5/2018,420,A,1025,1,0,0,0,1
12394,1/23/2018,420,A,529,0,0,0,0,1
12398,1/13/2018,420,A,2143,1,0,1,1,1
12406,1/3/2018,420,A,1906,0,0,1,1,1
12411,1/19/2018,420,A,711,0,0,0,1,1
12412,1/29/2018,420,A,1771,1,0,1,0,1
12419,1/30/2018,420,A,1072,1,0,1,0,1
12426,1/25/2018,420,A,1994,0,0,0,0,1
12429,1/28/2018,420,A,1494,0,0,0,1,1
12439,1/23/2018,420,A,1313,0,0,0,1,1
12441,1/8/2018,420,A,1888,0,0,0,1,1
12446,2/1/2018,420,A,934,1,0,1,0,1
12456,2/18/2018,420,A,865,0,0,0,0,1
12457,2/1/2018,420,A,1662,0,0,0,1,1
12467,2/26/2018,420,A,778,1,0,0,0,1
12468,2/15/2018,420,A,1041,0,0,1,1,1
12471,2/12/2018,420,A,2218,0,0,1,0,1
12476,2/16/2018,420,A,1213,1,0,0,1,1
12477,2/4/2018,420,A,749,1,0,1,0,1
12478,2/14/2018,420,A,2420,0,0,1,0,1
12483,2/21/2018,420,A,1533,0,0,0,0,1
12486,2/22/2018,420,A,1570,0,0,0,0,1
12488,2/10/2018,420,A,1065,0,0,1,0,1
12493,2/20/2018,420,A,2033,0,0,1,1,1
12496,2/18/2018,420,A,1044,1,0,1,0,1
12499,2/1/2018,420,A,1477,1,0,1,0,1
12503,2/6/2018,420,A,2148,0,0,1,0,1
12507,2/2/2018,420,A,1764,1,0,0,1,1
12513,2/8/2018,420,A,519,0,0,0,0,1
12520,2/25/2018,420,A,2253,1,0,1,1,1
12521,2/10/2018,420,A,1100,1,0,0,1,1
12523,2/14/2018,420,A,2387,1,0,1,1,1
12525,2/22/2018,420,A,2484,1,0,0,0,1
12526,2/24/2018,420,A,1835,0,0,1,1,1
12529,2/21/2018,420,A,1924,1,0,0,1,1
12533,2/2/2018,420,A,2390,0,0,1,1,1
12534,2/24/2018,420,A,709,1,0,1,0,1
12537,2/16/2018,420,A,1538,1,0,1,1,1
12541,2/11/2018,420,A,2086,0,0,0,1,1
12545,3/22/2018,420,A,1109,1,0,1,0,1
12547,3/18/2018,420,A,966,0,0,1,1,1
12553,3/2/2018,420,A,1214,1,0,0,1,1
12560,3/24/2018,420,A,838,1,0,0,1,1
12561,3/18/2018,420,A,745,1,0,1,0,1
12567,3/23/2018,420,A,1674,0,0,1,1,1
12570,3/10/2018,420,A,1634,1,0,1,1,1
12574,3/5/2018,420,A,697,0,0,0,1,1
12577,3/14/2018,420,A,2445,0,0,1,0,1
12578,3/21/2018,420,A,613,1,0,1,0,1
12579,3/21/2018,420,A,1560,1,0,1,1,1
12586,3/9/2018,420,A,1169,0,0,0,1,1
12587,3/20/2018,420,A,1479,0,0,1,1,1
12588,3/25/2018,420,A,1103,0,0,0,0,1
12604,12/6/2018,420,A,1591,1,0,0,1,1
12606,12/25/2018,420,A,2135,1,0,0,1,1
12608,12/7/2018,420,A,2202,1,0,1,0,1
12609,12/1/2018,420,A,1282,0,0,1,1,1
12611,12/12/2018,420,A,1390,1,0,1,0,1
12613,12/9/2018,420,A,1453,1,0,0,0,1
12614,12/11/2018,420,A,2031,0,0,0,1,1
12616,12/3/2018,420,A,902,0,0,1,1,1
12624,3/26/2018,420,A,1173,0,0,0,0,1
12628,3/8/2018,420,A,1359,0,0,1,0,1
12640,3/16/2018,420,A,1328,0,0,1,1,1
12644,3/2/2018,420,A,1101,1,0,0,1,1
12648,4/24/2018,420,A,1110,1,0,1,0,1
12649,4/6/2018,420,A,2049,1,0,1,0,1
12656,4/22/2018,420,A,2455,1,0,0,1,1
12661,4/19/2018,420,A,1553,1,0,0,1,1
12670,4/26/2018,420,A,1412,1,0,0,1,1
12673,4/8/2018,420,A,1891,1,0,0,1,1
12679,4/26/2018,420,A,1837,0,0,1,1,1
12680,4/5/2018,420,A,1798,1,0,1,0,1
12684,4/27/2018,420,A,548,1,0,1,1,1
12686,4/17/2018,420,A,940,1,0,0,0,1
12688,4/14/2018,420,A,744,1,0,0,0,1
12689,4/15/2018,420,A,1193,0,0,1,0,1
12690,4/5/2018,420,A,1328,0,0,0,0,1
12692,4/23/2018,420,A,614,1,0,0,1,1
12693,4/28/2018,420,A,644,0,0,1,0,1
12786,4/23/2018,840,A,1116,1,0,0,0,1
12788,4/16/2018,840,A,600,0,1,0,0,1
12789,4/1/2018,840,A,812,1,1,1,0,0
12791,4/5/2018,840,A,1488,1,0,1,0,0
12792,4/28/2018,840,A,1445,0,1,0,0,1
12793,4/15/2018,840,A,1677,1,0,0,0,0
12794,4/7/2018,840,A,2143,0,0,0,0,1
12796,4/29/2018,840,A,2076,1,0,0,0,1
12797,4/20/2018,840,A,614,0,0,0,0,1
12798,4/22/2018,840,A,854,1,0,1,0,1
12799,4/22/2018,840,A,861,1,0,0,0,0
12803,4/21/2018,840,A,1273,0,1,1,0,0
12808,4/6/2018,840,A,845,1,1,1,0,1
12811,4/7/2018,840,A,1973,1,0,0,0,0
12813,4/14/2018,840,A,1988,0,0,0,0,0
12814,4/16/2018,840,A,2366,1,1,0,0,0
12815,4/15/2018,840,A,1773,1,0,1,0,0
12816,4/9/2018,840,A,1017,1,0,1,0,0
12817,4/8/2018,840,A,1008,1,1,1,0,1
12819,4/8/2018,840,A,923,1,0,1,0,1
12820,4/5/2018,840,A,813,1,0,1,0,1
12823,4/22/2018,840,A,1389,0,0,1,0,1
12825,4/21/2018,840,A,770,1,1,0,0,1
12828,4/12/2018,840,A,1018,1,0,1,0,1
12831,4/24/2018,840,A,1319,0,1,1,0,0
12835,4/26/2018,840,A,2415,0,1,1,0,0
12838,4/26/2018,840,A,2218,0,0,0,0,0
12839,4/20/2018,840,A,1653,1,0,1,0,0
12840,4/9/2018,840,A,2436,1,1,1,0,1
12843,4/19/2018,840,A,959,0,0,1,0,1
12848,5/7/2018,840,A,1775,1,1,0,0,0
12854,5/5/2018,840,A,2094,1,1,0,0,0
12855,5/25/2018,840,A,2241,1,1,1,0,0
12859,5/10/2018,840,A,2445,0,0,1,0,0
12866,5/14/2018,840,A,972,0,0,1,0,0
12871,5/10/2018,840,A,1719,1,0,1,0,1
12872,5/24/2018,840,A,1148,0,1,1,0,0
12873,5/15/2018,840,A,1412,0,1,0,0,1
12880,5/9/2018,840,A,1134,0,1,0,0,0
12883,5/6/2018,840,A,1123,0,1,0,0,0
12884,5/2/2018,840,A,1571,1,0,1,0,1
12885,5/17/2018,840,A,1540,1,0,1,0,1
12887,5/12/2018,840,A,1188,1,1,1,0,1
12888,5/7/2018,840,A,2465,1,1,1,0,0
12889,5/8/2018,840,A,1972,0,0,0,0,1
12890,5/21/2018,840,A,947,0,1,1,0,0
12892,5/12/2018,840,A,1409,0,1,1,0,1
12895,5/30/2018,840,A,1602,1,0,1,0,1
12896,5/19/2018,840,A,1400,0,0,1,0,1
12899,5/9/2018,840,A,1898,1,0,0,0,0
12902,5/29/2018,840,A,1914,0,1,1,0,1
12903,5/6/2018,840,A,689,0,1,1,0,1
12905,5/15/2018,840,A,1399,0,0,1,0,1
12906,5/7/2018,840,A,2344,0,0,1,0,1
12909,5/5/2018,840,A,634,0,1,1,0,0
12911,5/15/2018,840,A,635,1,1,0,0,1
12914,5/30/2018,840,A,1884,1,0,0,0,0
12915,5/26/2018,840,A,2203,0,1,1,0,0
12920,5/19/2018,840,A,2469,1,1,1,0,1
12921,5/17/2018,840,A,1162,0,0,1,0,1
12925,5/7/2018,840,A,1845,1,0,1,0,0
12926,5/21/2018,840,A,1325,0,1,1,0,1
12927,5/21/2018,840,A,1570,1,1,1,0,1
12932,5/23/2018,840,A,1483,1,1,0,0,1
12934,5/25/2018,840,A,1256,0,0,1,0,0
12936,5/23/2018,840,A,2365,0,1,1,0,0
12937,5/26/2018,840,A,651,1,1,0,0,0
12938,5/30/2018,840,A,2141,0,1,0,0,1
12785,4/11/2018,840,A,1206,0,1,1,1,0
12787,4/24/2018,840,A,1845,0,1,0,1,0
12790,4/26/2018,840,A,2278,1,1,0,1,0
12795,4/9/2018,840,A,1124,0,1,1,1,0
12800,4/17/2018,840,A,2323,1,0,0,1,0
12801,4/29/2018,840,A,508,0,0,0,1,1
12802,4/12/2018,840,A,1484,1,0,1,1,0
12804,4/15/2018,840,A,796,0,1,0,1,0
12805,4/26/2018,840,A,681,0,1,1,1,0
12806,4/3/2018,840,A,1639,1,1,1,1,1
12807,4/15/2018,840,A,791,0,0,1,1,1
12809,4/8/2018,840,A,920,0,1,0,1,0
12810,4/25/2018,840,A,2123,0,0,0,1,1
12812,4/16/2018,840,A,2234,0,0,1,1,1
12818,4/21/2018,840,A,1088,1,0,0,1,1
12821,4/18/2018,840,A,1982,1,1,1,1,1
12822,4/20/2018,840,A,549,1,1,0,1,1
12824,4/19/2018,840,A,2268,0,0,0,1,1
12826,4/26/2018,840,A,887,1,0,1,1,0
12827,4/17/2018,840,A,1758,1,0,1,1,0
12829,4/9/2018,840,A,2162,1,1,0,1,0
12830,4/21/2018,840,A,860,0,1,1,1,1
12832,4/8/2018,840,A,1918,1,1,1,1,0
12833,4/4/2018,840,A,732,0,1,1,1,0
12834,4/1/2018,840,A,1019,1,1,0,1,0
12836,4/18/2018,840,A,1538,1,0,1,1,0
12837,4/20/2018,840,A,2279,1,0,1,1,0
12841,4/19/2018,840,A,1673,0,0,0,1,0
12842,4/3/2018,840,A,2332,0,0,0,1,1
12844,4/27/2018,840,A,837,1,0,0,1,1
12845,5/2/2018,840,A,2434,0,0,1,1,0
12846,5/8/2018,840,A,1778,1,1,0,1,1
12847,5/27/2018,840,A,2417,0,0,1,1,1
12849,5/27/2018,840,A,1210,0,1,0,1,0
12850,5/27/2018,840,A,568,0,1,1,1,1
12851,5/22/2018,840,A,724,1,0,1,1,0
12852,5/2/2018,840,A,1760,1,1,1,1,1
12853,5/13/2018,840,A,1345,1,1,1,1,0
12856,5/3/2018,840,A,1488,1,1,0,1,1
12857,5/28/2018,840,A,1028,1,1,1,1,1
12858,5/9/2018,840,A,1252,0,0,1,1,0
12860,5/11/2018,840,A,1525,1,0,1,1,0
12861,5/10/2018,840,A,1157,1,0,0,1,0
12862,5/22/2018,840,A,902,1,0,0,1,0
12863,5/1/2018,840,A,2082,0,0,0,1,0
12864,5/22/2018,840,A,1723,1,1,0,1,1
12865,5/6/2018,840,A,1532,0,0,1,1,1
12867,5/5/2018,840,A,1089,0,1,0,1,1
12868,5/11/2018,840,A,2400,1,1,1,1,1
12869,5/22/2018,840,A,1667,1,1,1,1,0
12870,5/30/2018,840,A,908,1,1,0,1,1
12874,5/6/2018,840,A,1291,1,0,0,1,0
12875,5/6/2018,840,A,1211,1,0,1,1,1
12876,5/7/2018,840,A,995,1,0,1,1,0
12877,5/30/2018,840,A,724,1,1,1,1,0
12878,5/2/2018,840,A,1177,1,0,0,1,1
12879,5/12/2018,840,A,2403,0,0,0,1,0
12881,5/13/2018,840,A,2419,1,1,1,1,0
12882,5/20/2018,840,A,1049,0,1,1,1,1
12886,5/15/2018,840,A,2154,1,1,0,1,1
12891,5/14/2018,840,A,2032,0,1,0,1,1
12893,5/2/2018,840,A,1353,0,1,0,1,1
12894,5/11/2018,840,A,2449,1,1,0,1,0
12897,5/29/2018,840,A,915,0,0,1,1,1
12898,5/2/2018,840,A,601,0,0,1,1,1
12900,5/14/2018,840,A,1852,1,1,0,1,1
12901,5/16/2018,840,A,686,1,0,0,1,1
12904,5/14/2018,840,A,776,1,1,0,1,0
12907,5/24/2018,840,A,1010,1,1,1,1,1
12908,5/27/2018,840,A,1988,0,1,0,1,1
12910,5/12/2018,840,A,2100,0,0,1,1,0
12912,5/11/2018,840,A,1829,1,1,1,1,0
12913,5/17/2018,840,A,582,1,0,0,1,1
12916,5/19/2018,840,A,946,1,0,0,1,0
12917,5/2/2018,840,A,716,0,1,1,1,1
12918,5/13/2018,840,A,1625,0,1,0,1,1
12919,5/11/2018,840,A,837,0,0,0,1,0
12922,5/16/2018,840,A,1565,0,0,1,1,0
12923,5/18/2018,840,A,2313,1,0,0,1,0
12924,5/12/2018,840,A,741,1,0,0,1,1
12928,5/17/2018,840,A,2209,0,0,1,1,1
12929,5/24/2018,840,A,538,0,1,0,1,0
12930,5/21/2018,840,A,1895,1,1,1,1,1
12931,5/30/2018,840,A,2182,0,1,0,1,1
12933,5/5/2018,840,A,1241,1,0,1,1,0
12935,5/17/2018,840,A,2340,0,0,0,1,0
12939,5/25/2018,840,A,1358,0,1,1,1,1
12345,1/16/2018,400,A,958,0,0,0,1,1
12346,1/4/2018,401,A,1272,1,0,0,0,1
12347,1/7/2018,402,A,2150,0,1,1,1,0
12348,1/7/2018,403,A,2123,1,0,1,1,1
12349,1/1/2018,404,A,1110,1,1,1,1,1
12350,1/22/2018,405,A,1571,0,0,1,0,0
12351,1/19/2018,406,A,1030,1,1,1,1,0
12352,1/23/2018,407,A,1732,1,1,1,0,0
12353,1/1/2018,408,A,2175,0,0,1,0,1
12354,1/20/2018,409,A,1725,0,0,0,1,0
12355,1/28/2018,410,A,1805,0,1,0,1,0
12356,1/17/2018,411,A,1552,1,1,0,0,1
12357,1/29/2018,412,A,1888,0,1,1,1,1
12358,1/18/2018,413,A,1355,1,0,0,1,0
12359,1/19/2018,414,A,2356,0,0,0,0,1
12360,1/6/2018,415,A,2102,1,0,0,1,0
12361,1/27/2018,416,A,1258,1,1,1,1,1
12362,1/21/2018,417,A,2326,0,1,0,1,1
420,1/24/2018,418,A,584,1,1,1,1,0
12364,1/8/2018,419,A,2397,1,1,1,0,0
12700,4/23/2018,755,A,2050,1,0,0,1,1
12701,4/10/2018,756,A,785,0,1,0,1,0
12702,4/12/2018,757,A,1770,1,1,0,0,1
12703,4/3/2018,758,A,2437,0,0,1,0,1
12704,4/14/2018,759,A,595,0,0,1,1,0
12705,4/17/2018,760,A,1868,1,1,0,1,0
12706,4/1/2018,761,A,1300,0,1,0,0,1
12707,4/26/2018,762,A,1830,0,0,1,1,0
12708,4/4/2018,763,A,1893,0,1,1,1,0
12709,4/29/2018,764,A,1256,0,1,1,0,0
12710,4/29/2018,765,A,839,1,0,0,1,0
12711,4/16/2018,766,A,1954,0,0,0,1,0
12712,4/12/2018,767,A,2001,1,1,0,0,0
12713,4/4/2018,768,A,1375,1,1,1,1,1
12714,4/25/2018,769,A,1134,0,0,0,0,1
12715,4/25/2018,770,A,2239,0,0,0,0,0
12716,4/15/2018,771,A,2445,1,0,0,1,0
12717,4/13/2018,772,A,1095,0,0,0,0,1
12718,4/30/2018,773,A,2326,1,0,1,0,0
12719,4/6/2018,774,A,1169,0,0,0,1,0
12720,4/22/2018,775,A,1186,1,0,0,0,1
12721,4/11/2018,776,A,1362,0,1,0,0,0
12722,4/28/2018,777,A,1091,0,1,0,1,0
12723,4/17/2018,778,A,1133,0,0,0,1,0
12724,4/22/2018,779,A,1657,1,1,0,1,0
12725,4/17/2018,780,A,1265,0,0,0,0,0
12726,4/14/2018,781,A,2162,1,0,0,0,0
12727,4/28/2018,782,A,1675,0,1,1,1,0
12728,4/8/2018,783,A,1066,1,1,1,0,1
12729,4/6/2018,784,A,1008,1,0,0,1,1
12730,4/14/2018,785,A,508,0,0,1,1,0
12731,4/25/2018,786,A,708,1,0,0,1,0
12732,4/10/2018,787,A,2129,1,1,1,1,1
12733,4/12/2018,788,A,1633,0,1,0,1,1
12734,4/7/2018,789,A,954,1,1,1,0,0
12735,4/6/2018,790,A,1413,1,1,1,1,0
12736,4/18/2018,791,A,1674,0,0,1,0,1
12737,4/3/2018,792,A,2246,1,1,0,0,1
12738,4/23/2018,793,A,1700,0,1,0,1,1
12739,4/7/2018,794,A,782,1,1,1,1,1
12740,4/5/2018,795,A,2069,0,0,1,0,1
12741,4/2/2018,796,A,1932,1,1,1,0,0
12742,4/23/2018,797,A,1389,1,1,0,1,0
12743,4/5/2018,798,A,1378,0,0,0,1,1
12744,4/24/2018,799,A,1142,1,1,1,0,0
12745,4/11/2018,800,A,1305,1,1,0,1,0
12746,4/27/2018,801,A,790,1,0,1,1,1
12747,4/30/2018,802,A,811,0,1,1,0,0
12748,4/26/2018,803,A,1860,0,1,0,1,1
12749,4/6/2018,804,A,1858,0,1,0,0,0
12750,4/16/2018,805,A,1981,1,0,1,1,1
12751,4/11/2018,806,A,1654,0,1,0,0,0
12752,4/19/2018,807,A,2449,0,1,1,0,1
12753,4/13/2018,808,A,2087,1,1,0,0,0
12754,4/29/2018,809,A,1815,0,1,0,1,1
12755,4/26/2018,810,A,781,1,1,1,1,1
12756,4/5/2018,811,A,2428,1,0,0,0,0
12757,4/27/2018,812,A,587,0,1,1,1,0
12758,4/2/2018,813,A,1897,1,0,1,1,0
12759,4/29/2018,814,A,517,0,1,0,1,1
12760,4/2/2018,815,A,1705,0,1,1,1,0
12761,4/7/2018,816,A,912,1,0,1,1,0
12762,4/2/2018,817,A,2204,1,1,1,0,0
12763,4/2/2018,818,A,2207,0,1,1,0,0
12764,4/23/2018,819,A,1943,0,0,1,1,0
12765,4/29/2018,820,A,1625,0,1,1,1,0
12766,4/30/2018,821,A,762,1,0,1,1,0
12767,4/13/2018,822,A,1595,0,0,0,1,0
12768,4/27/2018,823,A,625,0,0,0,0,0
12769,4/9/2018,824,A,1484,0,0,0,0,0
12770,4/30/2018,825,A,1604,1,1,1,0,1
12771,4/8/2018,826,A,1046,0,0,1,1,1
12772,4/6/2018,827,A,694,0,0,1,0,1
12773,4/17/2018,828,A,1248,1,1,1,0,1
12774,4/2/2018,829,A,2111,1,0,1,0,1
12775,4/4/2018,830,A,1648,0,1,1,1,1
12776,4/21/2018,831,A,630,0,0,0,0,0
12777,4/19/2018,832,A,1829,0,0,0,0,0
12778,4/21/2018,833,A,2113,0,0,0,0,0
12779,4/18/2018,834,A,734,1,1,0,1,0
12780,4/8/2018,835,A,2177,1,0,1,0,1
12781,4/7/2018,836,A,1923,0,0,1,0,1
12782,4/18/2018,837,A,1340,0,1,0,0,1
12783,4/15/2018,838,A,1282,1,0,0,1,0
12784,4/5/2018,839,A,2479,1,1,0,1,1
12940,5/16/2018,995,A,2094,1,0,0,0,0
12941,5/18/2018,996,A,1962,0,1,1,1,0
12942,5/30/2018,997,A,2055,1,0,1,0,0
12943,5/22/2018,998,A,1542,1,0,1,1,1
12944,5/19/2018,999,A,1339,0,1,1,1,0
12945,6/21/2018,1000,A,2284,1,0,1,0,1
12946,6/29/2018,1001,A,1340,1,1,1,1,1
12947,6/12/2018,1002,A,2041,0,0,0,0,1
12948,6/9/2018,1003,A,861,1,0,0,1,0
13364,9/16/2018,1419,C,969,0,0,0,0,0
13365,9/30/2018,1420,C,789,0,1,1,0,0
13367,9/25/2018,1422,C,1195,0,1,1,1,0
13368,9/28/2018,1423,C,1180,0,1,1,0,0
13371,10/16/2018,1426,C,1007,0,1,0,0,1
13376,10/5/2018,1431,C,695,0,1,1,1,0
13377,10/28/2018,1432,C,1184,0,0,0,1,1
13379,10/16/2018,1434,C,2097,0,0,0,0,1
13380,10/20/2018,1435,C,2105,0,0,0,0,1
13384,10/20/2018,1439,C,2012,0,0,0,1,0
13385,10/16/2018,1440,C,914,0,1,1,0,1
13387,10/30/2018,1442,C,2122,0,0,0,1,0
13395,10/12/2018,1450,C,1352,0,1,0,1,1
13398,10/24/2018,1453,C,1772,0,0,1,0,0
13399,10/29/2018,1454,C,1428,0,1,1,1,1
13400,10/16/2018,1455,C,1773,0,0,1,0,1
13401,10/30/2018,1456,C,1951,0,0,0,0,0
13402,10/10/2018,1457,C,670,0,0,1,0,0
13404,10/29/2018,1459,C,1780,0,1,0,1,0
13405,10/12/2018,1460,C,782,0,0,0,0,1
13410,10/26/2018,1465,C,2126,0,1,1,0,1
13419,10/1/2018,1474,C,2074,0,0,1,1,0
13420,10/27/2018,1475,C,1706,0,1,1,1,0
13421,10/22/2018,1476,C,1179,0,0,1,0,0
13424,10/6/2018,1479,C,1557,0,1,1,1,1
13426,10/4/2018,1481,C,1146,0,0,0,0,1
13429,10/29/2018,1484,C,1437,0,0,0,1,0
13431,10/24/2018,1486,C,1427,0,1,0,1,0
13432,10/11/2018,1487,C,1949,0,0,1,1,1
13437,10/26/2018,1492,C,2148,0,1,0,1,0
13441,10/26/2018,1496,C,2075,0,0,1,1,0
13445,10/23/2018,1500,C,780,0,1,1,0,0
13446,10/30/2018,1501,C,2126,0,1,1,1,0
13448,10/10/2018,1503,C,1637,0,0,0,1,1
13449,10/28/2018,1504,C,1889,0,1,0,1,1
13452,10/15/2018,1507,C,1082,0,1,0,1,1
13453,10/29/2018,1508,C,2394,0,1,1,1,0
13455,10/24/2018,1510,C,892,0,1,1,0,1
13456,10/2/2018,1511,C,994,0,0,1,1,0
13457,10/2/2018,1512,C,2260,0,1,1,0,0
13460,10/16/2018,1515,C,1663,0,1,1,0,1
13462,10/5/2018,1517,C,1669,0,0,1,0,1
13463,10/25/2018,1518,C,1547,0,0,0,1,0
13464,10/12/2018,1519,C,899,0,0,1,0,0
13465,10/18/2018,1520,C,2439,0,1,1,0,1
13466,11/7/2018,1521,C,1867,0,1,0,0,1
13470,11/28/2018,1525,C,1157,0,0,1,1,0
13471,11/1/2018,1526,C,2376,0,1,0,0,1
13475,11/2/2018,1530,C,1140,0,0,0,1,0
13477,11/30/2018,1532,C,1716,0,0,1,1,0
13478,11/21/2018,1533,C,731,0,1,0,0,1
13481,11/2/2018,1536,C,2498,0,1,0,1,0
13482,11/13/2018,1537,C,2125,0,0,1,1,1
13483,11/27/2018,1538,C,2130,0,0,1,1,0
13487,11/23/2018,1542,C,2470,0,1,1,1,1
13489,11/3/2018,1544,C,2054,0,1,1,0,1
13490,11/24/2018,1545,C,2322,0,1,0,0,0
13492,11/6/2018,1547,C,2026,0,1,0,0,1
13493,11/26/2018,1548,C,2000,0,1,1,0,1
13494,11/23/2018,1549,C,935,0,0,1,1,0
13495,11/21/2018,1550,C,1506,0,1,1,1,1
13496,11/4/2018,1551,C,520,0,1,0,0,1
13498,11/18/2018,1553,C,2338,0,1,1,1,0
13502,11/6/2018,1557,C,1738,0,0,0,1,0
13505,11/22/2018,1560,C,1461,0,0,0,1,0
13509,11/22/2018,1564,C,1961,0,0,0,1,0
13512,11/1/2018,1567,C,1981,0,1,0,1,0
13516,11/27/2018,1571,C,698,0,1,0,0,1
13517,11/8/2018,1572,C,1548,0,1,1,0,0
13518,11/10/2018,1573,C,2083,0,1,0,0,1
13521,11/3/2018,1576,C,2449,0,1,0,0,1
13522,11/29/2018,1577,C,600,0,1,0,1,0
13523,11/29/2018,1578,C,974,0,1,0,0,0
13527,11/3/2018,1582,C,2464,0,0,1,0,1
13531,11/1/2018,1586,C,2296,0,0,0,0,1
13532,11/19/2018,1587,C,2365,0,0,1,0,0
13533,11/10/2018,1588,C,831,0,1,0,0,1
13541,11/4/2018,1596,C,2221,0,0,0,0,1
13542,11/2/2018,1597,C,1034,0,1,0,0,1
13543,11/8/2018,1598,C,637,0,0,1,1,0
13361,9/13/2018,1416,C,1067,1,0,1,1,0
13362,9/25/2018,1417,C,1636,1,0,0,0,0
13363,9/27/2018,1418,C,1986,1,1,1,0,0
13366,9/26/2018,1421,C,1116,1,0,1,1,0
13369,9/22/2018,1424,C,696,1,0,0,0,1
13370,9/10/2018,1425,C,1105,1,1,1,0,1
13372,10/29/2018,1427,C,585,1,0,0,0,1
13373,10/30/2018,1428,C,1384,1,0,0,1,0
13374,10/30/2018,1429,C,519,1,0,0,1,1
13375,10/11/2018,1430,C,1013,1,0,0,0,1
13378,10/30/2018,1433,C,673,1,0,0,1,0
13381,10/1/2018,1436,C,555,1,0,1,1,0
13382,10/16/2018,1437,C,558,1,1,1,0,1
13383,10/23/2018,1438,C,640,1,1,0,0,1
13386,10/8/2018,1441,C,1479,1,1,1,0,0
13388,10/16/2018,1443,C,948,1,1,0,1,1
13389,10/26/2018,1444,C,2371,1,0,1,1,0
13390,10/6/2018,1445,C,542,1,0,1,1,0
13391,10/3/2018,1446,C,2145,1,0,1,0,0
13392,10/6/2018,1447,C,1675,1,1,0,0,1
13393,10/23/2018,1448,C,825,1,1,0,0,0
13394,10/24/2018,1449,C,2018,1,1,0,0,0
13396,10/21/2018,1451,C,1433,1,1,1,0,0
13397,10/3/2018,1452,C,1866,1,1,1,1,0
13403,10/29/2018,1458,C,965,1,1,0,0,0
13406,10/10/2018,1461,C,2200,1,1,0,0,1
13407,10/24/2018,1462,C,2424,1,1,1,0,0
13408,10/2/2018,1463,C,2104,1,0,0,1,1
13409,10/7/2018,1464,C,852,1,1,1,1,0
13411,10/6/2018,1466,C,2396,1,1,0,1,0
13412,10/16/2018,1467,C,1658,1,0,1,1,1
13413,10/4/2018,1468,C,2264,1,0,1,1,1
13414,10/19/2018,1469,C,2393,1,1,1,0,0
13415,10/19/2018,1470,C,586,1,1,1,1,1
13416,10/20/2018,1471,C,874,1,0,1,0,0
13417,10/5/2018,1472,C,944,1,1,1,1,0
13418,10/1/2018,1473,C,1279,1,1,0,0,1
13422,10/4/2018,1477,C,1571,1,1,0,1,1
13423,10/10/2018,1478,C,1465,1,1,1,1,1
13425,10/2/2018,1480,C,832,1,0,1,1,0
13427,10/16/2018,1482,C,1577,1,0,0,1,0
13428,10/30/2018,1483,C,2356,1,1,1,1,0
13430,10/24/2018,1485,C,2436,1,1,1,1,0
13433,10/1/2018,1488,C,1875,1,0,0,0,0
13434,10/6/2018,1489,C,2167,1,1,1,1,0
13435,10/22/2018,1490,C,1170,1,0,1,0,0
13436,10/12/2018,1491,C,684,1,1,0,1,0
13438,10/22/2018,1493,C,635,1,1,0,1,1
13439,10/18/2018,1494,C,925,1,0,1,1,0
13440,10/27/2018,1495,C,709,1,1,0,1,1
13442,10/30/2018,1497,C,602,1,1,1,1,0
13443,10/21/2018,1498,C,2130,1,0,0,0,1
13444,10/17/2018,1499,C,1959,1,1,1,0,0
13447,10/4/2018,1502,C,1768,1,0,0,0,1
13450,10/11/2018,1505,C,2146,1,0,1,1,1
13451,10/3/2018,1506,C,1355,1,0,0,1,0
13454,10/17/2018,1509,C,926,1,1,1,1,1
13458,10/8/2018,1513,C,1149,1,1,0,1,1
13459,10/3/2018,1514,C,2283,1,0,1,0,0
13461,10/24/2018,1516,C,2197,1,1,1,0,1
13467,11/3/2018,1522,C,898,1,1,1,0,0
13468,11/10/2018,1523,C,962,1,1,0,1,0
13469,11/18/2018,1524,C,1875,1,1,0,1,0
13472,11/22/2018,1527,C,1523,1,0,1,1,0
13473,11/17/2018,1528,C,1850,1,0,0,1,0
13474,11/24/2018,1529,C,1828,1,1,0,1,1
13476,11/14/2018,1531,C,1208,1,0,1,1,0
13479,11/16/2018,1534,C,1128,1,1,0,0,1
13480,11/27/2018,1535,C,1541,1,0,0,0,1
13484,11/19/2018,1539,C,863,1,1,0,1,1
13485,11/13/2018,1540,C,1635,1,1,1,0,0
13486,11/20/2018,1541,C,1403,1,0,0,0,0
13488,11/15/2018,1543,C,822,1,1,1,0,1
13491,11/29/2018,1546,C,950,1,1,1,1,1
13497,11/12/2018,1552,C,759,1,0,0,0,1
13499,11/13/2018,1554,C,1957,1,1,1,0,0
13500,11/4/2018,1555,C,2201,1,1,0,1,1
13501,11/16/2018,1556,C,1021,1,0,1,1,1
13503,11/23/2018,1558,C,629,1,1,0,0,1
13504,11/3/2018,1559,C,714,1,1,1,0,0
13506,11/26/2018,1561,C,2477,1,1,1,0,1
13507,11/6/2018,1562,C,1275,1,0,1,0,0
13508,11/15/2018,1563,C,1937,1,1,1,0,0
13510,11/1/2018,1565,C,2482,1,0,1,1,0
13511,11/3/2018,1566,C,2128,1,0,1,0,1
13513,11/10/2018,1568,C,1564,1,0,0,1,1
13514,11/4/2018,1569,C,2380,1,0,1,0,1
13515,11/13/2018,1570,C,867,1,1,1,1,0
13519,11/25/2018,1574,C,757,1,1,0,0,0
13520,11/8/2018,1575,C,754,1,1,1,0,1
13524,11/29/2018,1579,C,1370,1,1,1,0,0
13525,11/6/2018,1580,C,1348,1,0,1,0,0
13526,11/11/2018,1581,C,834,1,1,1,0,0
13528,11/1/2018,1583,C,546,1,0,1,0,0
13529,11/24/2018,1584,C,676,1,0,0,1,1
13530,11/2/2018,1585,C,1487,1,0,0,1,0
13534,11/12/2018,1589,C,2295,1,0,1,1,0
13535,11/2/2018,1590,C,1709,1,1,1,1,0
13536,11/18/2018,1591,C,2464,1,0,1,1,1
13537,11/21/2018,1592,C,1827,1,0,1,1,1
13538,11/6/2018,1593,C,1284,1,1,0,0,0
13539,11/3/2018,1594,C,1936,1,0,1,0,0
13540,11/20/2018,1595,C,1331,1,0,0,1,0
13544,11/10/2018,1599,C,1579,1,0,1,1,1
12949,6/22/2018,1004,B,1047,1,1,0,0,0
12955,6/6/2018,1010,B,878,0,1,0,0,0
12960,6/1/2018,1015,B,698,0,1,0,0,0
12961,6/30/2018,1016,B,1251,1,1,0,0,0
12971,6/18/2018,1026,B,759,1,1,1,0,0
12983,6/2/2018,1038,B,873,1,1,1,1,0
12985,6/4/2018,1040,B,520,0,1,0,1,0
12994,6/14/2018,1049,B,586,0,1,0,1,0
12996,6/17/2018,1051,B,958,1,1,0,1,0
12997,6/16/2018,1052,B,1971,1,1,0,1,0
12998,6/4/2018,1053,B,1225,1,1,1,0,0
13004,6/7/2018,1059,B,1787,0,1,1,0,0
13009,6/11/2018,1064,B,2353,1,1,1,1,0
13013,6/6/2018,1068,B,1994,1,1,0,1,0
13015,6/22/2018,1070,B,2181,0,1,0,1,0
13019,6/28/2018,1074,B,541,1,1,1,0,0
13020,6/30/2018,1075,B,1164,1,1,0,0,0
13021,6/16/2018,1076,B,2289,0,1,0,0,0
13031,6/27/2018,1086,B,620,0,1,1,0,0
13032,6/27/2018,1087,B,2418,0,1,0,1,0
13034,6/4/2018,1089,B,2139,1,1,1,0,0
13041,6/14/2018,1096,B,2342,1,1,0,0,0
13042,6/1/2018,1097,B,717,0,1,1,1,0
13050,7/21/2018,1105,B,2345,1,1,1,0,0
13057,7/24/2018,1112,B,625,0,1,1,1,0
13058,7/20/2018,1113,B,1643,1,1,0,1,0
13061,7/24/2018,1116,B,1354,0,1,0,0,0
13073,7/24/2018,1128,B,2250,1,1,1,0,0
13075,7/28/2018,1130,B,1668,0,1,0,1,0
13083,7/14/2018,1138,B,1666,0,1,1,1,0
13084,7/13/2018,1139,B,1140,0,1,0,0,0
13096,7/26/2018,1151,B,521,1,1,1,0,0
13100,7/11/2018,1155,B,1627,1,1,1,1,0
13110,7/15/2018,1165,B,1192,1,1,1,0,0
13113,7/5/2018,1168,B,2241,0,1,0,1,0
13114,7/8/2018,1169,B,2052,0,1,1,1,0
13116,7/22/2018,1171,B,1351,1,1,0,1,0
13118,7/4/2018,1173,B,1798,0,1,0,1,0
13119,7/1/2018,1174,B,1253,0,1,1,1,0
13124,7/1/2018,1179,B,2084,0,1,0,1,0
13127,7/25/2018,1182,B,500,0,1,0,0,0
13129,7/20/2018,1184,B,1195,1,1,1,0,0
13138,7/25/2018,1193,B,2295,0,1,1,1,0
13143,7/3/2018,1198,B,2141,0,1,0,0,0
13145,8/5/2018,1200,B,1662,0,1,1,1,0
13146,8/27/2018,1201,B,910,0,1,0,0,0
13147,8/10/2018,1202,B,2402,0,1,0,1,0
13154,8/30/2018,1209,B,2255,0,1,0,1,0
13155,8/2/2018,1210,B,974,0,1,1,0,0
13157,8/2/2018,1212,B,1612,0,1,1,0,0
13167,8/17/2018,1222,B,1950,1,1,0,0,0
13172,8/10/2018,1227,B,705,0,1,1,1,0
13179,8/5/2018,1234,B,926,1,1,0,1,0
13181,8/30/2018,1236,B,2064,1,1,0,1,0
13193,8/14/2018,1248,B,2364,1,1,0,0,0
13201,8/11/2018,1256,B,833,0,1,0,0,0
13202,8/5/2018,1257,B,1031,1,1,1,0,0
13203,8/23/2018,1258,B,1947,0,1,0,1,0
13207,8/20/2018,1262,B,1349,0,1,1,0,0
13215,8/17/2018,1270,B,975,0,1,0,0,0
13225,8/17/2018,1280,B,1302,1,1,0,0,0
13227,8/28/2018,1282,B,2107,0,1,0,1,0
13238,8/14/2018,1293,B,1704,0,1,1,0,0
13240,8/21/2018,1295,B,1967,0,1,1,0,0
13249,9/12/2018,1304,B,1801,1,1,0,1,0
13253,9/26/2018,1308,B,1698,1,1,0,0,0
13257,9/1/2018,1312,B,1150,1,1,1,1,0
13258,9/15/2018,1313,B,762,1,1,0,1,0
13263,9/18/2018,1318,B,1755,0,1,1,1,0
13264,9/12/2018,1319,B,954,1,1,0,0,0
13270,9/9/2018,1325,B,2070,0,1,1,1,0
13275,9/15/2018,1330,B,2391,0,1,1,0,0
13276,9/8/2018,1331,B,1337,1,1,1,0,0
13278,9/9/2018,1333,B,1782,0,1,0,0,0
13285,9/22/2018,1340,B,1493,1,1,0,1,0
13287,9/25/2018,1342,B,1004,1,1,0,0,0
13290,9/20/2018,1345,B,858,0,1,0,1,0
13293,9/17/2018,1348,B,1227,1,1,0,1,0
13305,9/16/2018,1360,B,1393,1,1,0,1,0
13312,9/13/2018,1367,B,856,0,1,0,0,0
13317,9/25/2018,1372,B,2173,1,1,1,1,0
13325,9/1/2018,1380,B,1892,1,1,0,0,0
13331,9/16/2018,1386,B,1009,1,1,0,1,0
13337,9/2/2018,1392,B,1008,0,1,0,1,0
13340,9/3/2018,1395,B,2314,0,1,0,0,0
13347,9/15/2018,1402,B,1533,1,1,0,0,0
13352,9/4/2018,1407,B,1791,0,1,0,0,0
13355,9/6/2018,1410,B,693,1,1,1,1,0
12957,6/26/2018,1012,B,1096,1,1,1,1,1
12962,6/17/2018,1017,B,1500,1,1,0,0,1
12965,6/1/2018,1020,B,1507,1,1,1,0,1
12969,6/1/2018,1024,B,2164,1,1,1,1,1
12973,6/28/2018,1028,B,1214,1,1,1,1,1
12977,6/18/2018,1032,B,804,0,1,1,0,1
12980,6/21/2018,1035,B,1744,0,1,1,1,1
12982,6/12/2018,1037,B,1769,1,1,1,1,1
12984,6/7/2018,1039,B,2088,1,1,0,0,1
12986,6/12/2018,1041,B,1642,1,1,0,1,1
12987,6/26/2018,1042,B,1261,1,1,1,0,1
12990,6/7/2018,1045,B,2191,0,1,1,0,1
12992,6/10/2018,1047,B,874,1,1,1,0,1
12995,6/19/2018,1050,B,972,0,1,1,0,1
12999,6/25/2018,1054,B,1789,0,1,1,0,1
13000,6/29/2018,1055,B,523,0,1,0,1,1
13001,6/23/2018,1056,B,1548,1,1,1,1,1
13008,6/24/2018,1063,B,1976,1,1,1,0,1
13018,6/11/2018,1073,B,1651,0,1,1,0,1
13022,6/11/2018,1077,B,1519,0,1,1,0,1
13035,6/23/2018,1090,B,2023,0,1,1,1,1
13039,6/29/2018,1094,B,2487,1,1,0,0,1
13056,7/3/2018,1111,B,2418,0,1,1,0,1
13062,7/13/2018,1117,B,1614,1,1,0,0,1
13063,7/3/2018,1118,B,1764,1,1,1,0,1
13064,7/18/2018,1119,B,1848,1,1,1,0,1
13065,7/8/2018,1120,B,953,1,1,0,1,1
13067,7/26/2018,1122,B,1726,0,1,0,1,1
13068,7/25/2018,1123,B,741,1,1,1,0,1
13070,7/15/2018,1125,B,775,0,1,1,1,1
13076,7/20/2018,1131,B,1303,1,1,1,0,1
13081,7/2/2018,1136,B,2040,1,1,1,0,1
13092,7/2/2018,1147,B,2117,1,1,1,1,1
13094,7/13/2018,1149,B,2141,0,1,1,1,1
13095,7/19/2018,1150,B,1286,1,1,1,1,1
13097,7/18/2018,1152,B,1002,0,1,1,0,1
13099,7/4/2018,1154,B,1796,1,1,0,1,1
13103,7/9/2018,1158,B,2220,0,1,1,1,1
13104,7/15/2018,1159,B,705,0,1,0,1,1
13107,7/20/2018,1162,B,2359,1,1,1,1,1
13108,7/2/2018,1163,B,1857,1,1,0,1,1
13111,7/13/2018,1166,B,1490,0,1,0,1,1
13112,7/15/2018,1167,B,2156,1,1,1,1,1
13115,7/10/2018,1170,B,1371,0,1,0,1,1
13122,7/13/2018,1177,B,1949,0,1,0,0,1
13125,7/22/2018,1180,B,2434,1,1,0,0,1
13132,7/17/2018,1187,B,532,1,1,1,0,1
13159,8/26/2018,1214,B,1545,0,1,0,1,1
13160,8/14/2018,1215,B,1566,1,1,0,0,1
13162,8/25/2018,1217,B,1441,1,1,1,1,1
13163,8/3/2018,1218,B,1005,1,1,1,0,1
13166,8/26/2018,1221,B,2033,0,1,1,1,1
13175,8/24/2018,1230,B,2471,0,1,1,1,1
13180,8/12/2018,1235,B,2171,0,1,1,1,1
13182,8/25/2018,1237,B,934,1,1,0,1,1
13183,8/7/2018,1238,B,1681,0,1,1,1,1
13191,8/17/2018,1246,B,2198,0,1,1,1,1
13195,8/23/2018,1250,B,1911,1,1,1,0,1
13204,8/18/2018,1259,B,1757,1,1,0,1,1
13206,8/5/2018,1261,B,1078,0,1,1,0,1
13211,8/8/2018,1266,B,973,0,1,1,0,1
13214,8/15/2018,1269,B,1878,0,1,0,1,1
13216,8/19/2018,1271,B,803,1,1,0,0,1
13217,8/30/2018,1272,B,2339,1,1,0,1,1
13219,8/16/2018,1274,B,1539,1,1,0,1,1
13223,8/25/2018,1278,B,2238,0,1,0,0,1
13224,8/30/2018,1279,B,2192,0,1,1,1,1
13230,8/11/2018,1285,B,1689,0,1,1,1,1
13232,8/17/2018,1287,B,2403,1,1,0,0,1
13234,8/7/2018,1289,B,2268,0,1,1,1,1
13236,8/2/2018,1291,B,1538,0,1,1,1,1
13239,8/18/2018,1294,B,2018,0,1,1,1,1
13251,9/1/2018,1306,B,1893,0,1,0,0,1
13252,9/18/2018,1307,B,1280,0,1,1,1,1
13254,9/24/2018,1309,B,578,0,1,0,0,1
13260,9/5/2018,1315,B,1784,1,1,1,1,1
13261,9/16/2018,1316,B,1278,0,1,1,0,1
13262,9/12/2018,1317,B,1312,0,1,1,0,1
13265,9/1/2018,1320,B,1451,0,1,0,1,1
13267,9/8/2018,1322,B,2380,0,1,1,0,1
13268,9/13/2018,1323,B,1573,1,1,0,0,1
13273,9/17/2018,1328,B,1142,0,1,0,0,1
13274,9/27/2018,1329,B,2023,1,1,0,1,1
13282,9/21/2018,1337,B,2386,1,1,1,1,1
13286,9/18/2018,1341,B,2195,1,1,0,0,1
13289,9/6/2018,1344,B,710,0,1,0,0,1
13292,9/24/2018,1347,B,2157,1,1,1,1,1
13296,9/21/2018,1351,B,1546,0,1,0,1,1
13299,9/27/2018,1354,B,1609,0,1,1,1,1
13310,9/28/2018,1365,B,965,1,1,0,1,1
13311,9/7/2018,1366,B,1177,1,1,1,0,1
13313,9/12/2018,1368,B,2473,0,1,1,0,1
13315,9/18/2018,1370,B,1104,0,1,0,1,1
13319,9/20/2018,1374,B,1402,0,1,1,0,1
13320,9/6/2018,1375,B,1088,0,1,0,1,1
13321,9/7/2018,1376,B,1890,0,1,0,0,1
13323,9/6/2018,1378,B,553,1,1,1,0,1
13327,9/6/2018,1382,B,999,0,1,0,1,1
13336,9/10/2018,1391,B,2354,0,1,1,1,1
13338,9/12/2018,1393,B,1715,1,1,0,1,1
13348,9/23/2018,1403,B,1147,1,1,1,1,1
13354,9/2/2018,1409,B,2115,0,1,1,1,1
13358,9/6/2018,1413,B,2272,1,1,0,0,1
13360,9/20/2018,1415,B,1357,1,1,0,0,1
12950,6/14/2018,1005,B,2001,1,0,0,0,0
12951,6/26/2018,1006,B,1327,0,0,0,0,1
12952,6/21/2018,1007,B,2367,0,0,1,0,1
12963,6/30/2018,1018,B,2422,1,0,1,0,1
12966,6/28/2018,1021,B,609,0,0,1,0,1
12967,6/25/2018,1022,B,1339,1,0,1,0,1
12968,6/7/2018,1023,B,1730,0,0,1,0,0
12970,6/23/2018,1025,B,1791,0,0,1,0,1
12974,6/13/2018,1029,B,2104,1,0,1,0,1
12975,6/9/2018,1030,B,538,1,0,1,0,1
12976,6/27/2018,1031,B,1951,0,0,1,0,0
12978,6/8/2018,1033,B,1778,1,0,1,0,0
12979,6/22/2018,1034,B,1368,0,0,0,0,1
12981,6/10/2018,1036,B,844,1,0,0,0,1
12993,6/18/2018,1048,B,1217,1,0,1,0,1
13002,6/6/2018,1057,B,1524,0,0,1,0,0
13003,6/18/2018,1058,B,752,1,0,1,0,1
13007,6/15/2018,1062,B,920,0,0,0,0,0
13011,6/14/2018,1066,B,1998,1,0,1,0,0
13012,6/3/2018,1067,B,593,0,0,1,0,1
13014,6/13/2018,1069,B,1595,0,0,0,0,1
13024,6/20/2018,1079,B,1798,0,0,0,0,1
13028,6/26/2018,1083,B,1933,1,0,1,0,0
13029,6/29/2018,1084,B,911,0,0,0,0,0
13033,6/18/2018,1088,B,1785,1,0,0,0,0
13036,6/6/2018,1091,B,2099,0,0,0,0,1
13044,6/23/2018,1099,B,751,1,0,1,0,0
13045,7/29/2018,1100,B,2277,1,0,0,0,1
13046,7/6/2018,1101,B,2205,0,0,0,0,1
13047,7/5/2018,1102,B,1095,1,0,0,0,1
13049,7/24/2018,1104,B,2489,1,0,1,0,0
13051,7/5/2018,1106,B,1712,0,0,1,0,0
13054,7/23/2018,1109,B,882,0,0,0,0,1
13066,7/3/2018,1121,B,2009,0,0,0,0,1
13069,7/17/2018,1124,B,2467,0,0,1,0,0
13082,7/11/2018,1137,B,1211,0,0,1,0,0
13085,7/22/2018,1140,B,2108,0,0,0,0,1
13086,7/9/2018,1141,B,1734,1,0,0,0,1
13087,7/10/2018,1142,B,1281,0,0,0,0,0
13088,7/5/2018,1143,B,1926,0,0,1,0,1
13098,7/30/2018,1153,B,1425,1,0,0,0,0
13101,7/25/2018,1156,B,1019,1,0,1,0,0
13105,7/6/2018,1160,B,1925,1,0,0,0,0
13106,7/11/2018,1161,B,1673,1,0,0,0,1
13120,7/8/2018,1175,B,1939,1,0,0,0,0
13121,7/25/2018,1176,B,2475,1,0,1,0,0
13128,7/30/2018,1183,B,1977,1,0,1,0,1
13130,7/14/2018,1185,B,1163,0,0,0,0,1
13133,7/23/2018,1188,B,2478,0,0,0,0,0
13134,7/15/2018,1189,B,1388,1,0,0,0,0
13135,7/24/2018,1190,B,1076,1,0,0,0,0
13137,7/17/2018,1192,B,1225,0,0,1,0,0
13141,7/6/2018,1196,B,1967,1,0,0,0,1
13148,8/18/2018,1203,B,1731,1,0,0,0,0
13151,8/30/2018,1206,B,2301,1,0,0,0,0
13152,8/3/2018,1207,B,1157,0,0,1,0,0
13168,8/20/2018,1223,B,699,0,0,1,0,1
13169,8/30/2018,1224,B,817,0,0,1,0,0
13170,8/14/2018,1225,B,2435,1,0,1,0,1
13174,8/26/2018,1229,B,1398,1,0,1,0,0
13177,8/28/2018,1232,B,675,0,0,1,0,1
13178,8/30/2018,1233,B,1035,1,0,0,0,0
13184,8/17/2018,1239,B,1556,1,0,1,0,1
13188,8/13/2018,1243,B,1799,1,0,0,0,1
13190,8/23/2018,1245,B,2143,0,0,1,0,0
13194,8/7/2018,1249,B,533,1,0,1,0,0
13196,8/21/2018,1251,B,1559,0,0,1,0,1
13198,8/22/2018,1253,B,878,0,0,0,0,0
13199,8/4/2018,1254,B,1090,0,0,1,0,0
13208,8/5/2018,1263,B,1801,1,0,1,0,1
13209,8/3/2018,1264,B,511,1,0,0,0,1
13212,8/19/2018,1267,B,747,0,0,1,0,1
13218,8/17/2018,1273,B,1340,1,0,1,0,0
13221,8/26/2018,1276,B,1083,1,0,0,0,1
13228,8/25/2018,1283,B,1212,1,0,1,0,1
13242,8/3/2018,1297,B,2253,1,0,1,0,1
13243,8/26/2018,1298,B,1969,1,0,1,0,1
13244,8/3/2018,1299,B,667,0,0,0,0,0
13245,9/3/2018,1300,B,1584,0,0,0,0,1
13246,9/14/2018,1301,B,577,1,0,1,0,1
13247,9/29/2018,1302,B,2441,0,0,1,0,0
13250,9/19/2018,1305,B,1613,0,0,1,0,1
13259,9/2/2018,1314,B,1418,0,0,0,0,0
13272,9/29/2018,1327,B,578,0,0,0,0,1
13281,9/5/2018,1336,B,1528,0,0,0,0,0
13284,9/19/2018,1339,B,2490,0,0,1,0,0
13295,9/29/2018,1350,B,1471,1,0,1,0,1
13297,9/10/2018,1352,B,1391,0,0,0,0,0
13298,9/11/2018,1353,B,1971,1,0,1,0,1
13303,9/11/2018,1358,B,1696,1,0,0,0,0
13304,9/5/2018,1359,B,1794,0,0,0,0,1
13307,9/29/2018,1362,B,1497,0,0,0,0,1
13308,9/27/2018,1363,B,2152,0,0,0,0,1
13326,9/7/2018,1381,B,1680,0,0,1,0,0
13328,9/9/2018,1383,B,690,0,0,0,0,0
13333,9/19/2018,1388,B,630,1,0,1,0,0
13334,9/16/2018,1389,B,840,1,0,1,0,1
13341,9/29/2018,1396,B,758,1,0,1,0,0
13342,9/1/2018,1397,B,1427,1,0,1,0,0
13350,9/5/2018,1405,B,1362,0,0,1,0,0
13351,9/24/2018,1406,B,1900,0,0,0,0,0
13356,9/1/2018,1411,B,1939,0,0,1,0,1
13359,9/18/2018,1414,B,2134,0,0,1,0,0
12954,6/9/2018,1009,B,1744,0,0,1,1,1
12964,6/22/2018,1019,B,1197,1,0,1,1,1
12988,6/24/2018,1043,B,2266,0,0,1,1,0
12989,6/27/2018,1044,B,2302,0,0,1,1,1
13010,6/19/2018,1065,B,1045,1,0,1,1,0
13016,6/16/2018,1071,B,2403,0,0,1,1,0
13023,6/5/2018,1078,B,1840,1,0,1,1,1
13025,6/15/2018,1080,B,933,0,0,1,1,0
13030,6/10/2018,1085,B,2299,1,0,1,1,1
13048,7/23/2018,1103,B,552,0,0,1,1,1
13052,7/23/2018,1107,B,2326,1,0,1,1,1
13077,7/7/2018,1132,B,691,1,0,1,1,0
13078,7/7/2018,1133,B,1157,1,0,1,1,0
13080,7/5/2018,1135,B,563,0,0,1,1,1
13090,7/26/2018,1145,B,2199,0,0,1,1,1
13123,7/25/2018,1178,B,1143,1,0,1,1,1
13136,7/1/2018,1191,B,564,0,0,1,1,1
13139,7/23/2018,1194,B,2285,1,0,1,1,1
13140,7/28/2018,1195,B,508,1,0,1,1,0
13142,7/10/2018,1197,B,1553,0,0,1,1,1
13144,7/29/2018,1199,B,2102,1,0,1,1,0
13149,8/24/2018,1204,B,557,1,0,1,1,0
13153,8/6/2018,1208,B,629,1,0,1,1,0
13158,8/3/2018,1213,B,2410,1,0,1,1,1
13165,8/14/2018,1220,B,1835,1,0,1,1,1
13173,8/17/2018,1228,B,2443,0,0,1,1,1
13176,8/22/2018,1231,B,1854,1,0,1,1,0
13186,8/23/2018,1241,B,2048,0,0,1,1,1
13189,8/11/2018,1244,B,2292,1,0,1,1,0
13205,8/2/2018,1260,B,993,0,0,1,1,0
13222,8/30/2018,1277,B,2380,1,0,1,1,0
13229,8/28/2018,1284,B,1090,0,0,1,1,0
13231,8/11/2018,1286,B,1390,0,0,1,1,0
13233,8/30/2018,1288,B,1525,1,0,1,1,0
13248,9/20/2018,1303,B,616,1,0,1,1,1
13255,9/28/2018,1310,B,2085,0,0,1,1,0
13256,9/11/2018,1311,B,1258,0,0,1,1,0
13266,9/6/2018,1321,B,2485,1,0,1,1,1
13271,9/16/2018,1326,B,1995,0,0,1,1,1
13280,9/27/2018,1335,B,1680,1,0,1,1,0
13300,9/26/2018,1355,B,1868,1,0,1,1,1
13306,9/11/2018,1361,B,2042,0,0,1,1,0
13316,9/4/2018,1371,B,765,0,0,1,1,1
13318,9/14/2018,1373,B,1897,1,0,1,1,0
13322,9/6/2018,1377,B,526,0,0,1,1,0
13335,9/14/2018,1390,B,2201,1,0,1,1,0
13343,9/22/2018,1398,B,1101,0,0,1,1,1
13345,9/24/2018,1400,B,1977,0,0,1,1,1
13346,9/21/2018,1401,B,1569,1,0,1,1,0
13349,9/4/2018,1404,B,1413,1,0,1,1,0
13357,9/23/2018,1412,B,1191,0,0,1,1,0
12953,6/27/2018,1008,B,1829,1,0,0,1,0
12956,6/11/2018,1011,B,641,0,0,0,1,1
12958,6/21/2018,1013,B,1761,1,0,0,1,1
12959,6/15/2018,1014,B,875,1,0,0,1,1
12972,6/14/2018,1027,B,1199,1,0,0,1,0
12991,6/29/2018,1046,B,620,1,0,0,1,0
13005,6/2/2018,1060,B,1416,1,0,0,1,1
13006,6/16/2018,1061,B,1685,1,0,0,1,1
13017,6/8/2018,1072,B,1918,1,0,0,1,0
13026,6/27/2018,1081,B,2291,0,0,0,1,1
13027,6/28/2018,1082,B,648,1,0,0,1,0
13037,6/19/2018,1092,B,1559,1,0,0,1,0
13038,6/11/2018,1093,B,1277,0,0,0,1,1
13040,6/2/2018,1095,B,1717,0,0,0,1,1
13043,6/16/2018,1098,B,1533,0,0,0,1,0
13053,7/6/2018,1108,B,505,0,0,0,1,1
13055,7/18/2018,1110,B,837,1,0,0,1,0
13059,7/28/2018,1114,B,1564,0,0,0,1,0
13060,7/13/2018,1115,B,1642,0,0,0,1,1
13071,7/19/2018,1126,B,1545,1,0,0,1,0
13072,7/14/2018,1127,B,631,1,0,0,1,1
13074,7/7/2018,1129,B,1741,0,0,0,1,0
13079,7/14/2018,1134,B,648,1,0,0,1,0
13089,7/28/2018,1144,B,2095,1,0,0,1,0
13091,7/16/2018,1146,B,611,1,0,0,1,0
13093,7/23/2018,1148,B,1427,0,0,0,1,1
13102,7/14/2018,1157,B,1492,0,0,0,1,0
13109,7/28/2018,1164,B,2235,1,0,0,1,1
13117,7/11/2018,1172,B,1008,0,0,0,1,0
13126,7/25/2018,1181,B,2313,0,0,0,1,0
13131,7/16/2018,1186,B,2010,1,0,0,1,1
13150,8/10/2018,1205,B,1377,1,0,0,1,0
13156,8/17/2018,1211,B,1399,1,0,0,1,0
13161,8/23/2018,1216,B,703,1,0,0,1,1
13164,8/4/2018,1219,B,2163,1,0,0,1,0
13171,8/22/2018,1226,B,1216,0,0,0,1,0
13185,8/22/2018,1240,B,2111,1,0,0,1,1
13187,8/7/2018,1242,B,507,0,0,0,1,0
13192,8/8/2018,1247,B,581,1,0,0,1,0
13197,8/16/2018,1252,B,2477,0,0,0,1,0
13200,8/24/2018,1255,B,909,0,0,0,1,1
13210,8/23/2018,1265,B,1709,0,0,0,1,1
13213,8/6/2018,1268,B,1102,1,0,0,1,0
13220,8/23/2018,1275,B,1364,0,0,0,1,1
13226,8/6/2018,1281,B,773,1,0,0,1,0
13235,8/26/2018,1290,B,1261,0,0,0,1,1
13237,8/17/2018,1292,B,1536,1,0,0,1,1
13241,8/8/2018,1296,B,1884,1,0,0,1,1
13269,9/4/2018,1324,B,2220,0,0,0,1,1
13277,9/16/2018,1332,B,2384,0,0,0,1,1
13279,9/30/2018,1334,B,2458,0,0,0,1,1
13283,9/23/2018,1338,B,531,0,0,0,1,0
13288,9/21/2018,1343,B,698,1,0,0,1,0
13291,9/6/2018,1346,B,892,1,0,0,1,1
13294,9/4/2018,1349,B,733,0,0,0,1,0
13301,9/14/2018,1356,B,2057,0,0,0,1,1
13302,9/12/2018,1357,B,774,1,0,0,1,0
13309,9/1/2018,1364,B,643,1,0,0,1,1
13314,9/30/2018,1369,B,1112,0,0,0,1,1
13324,9/14/2018,1379,B,1612,0,0,0,1,1
13329,9/5/2018,1384,B,1015,1,0,0,1,0
13330,9/4/2018,1385,B,2080,1,0,0,1,1
13332,9/15/2018,1387,B,1616,1,0,0,1,1
13339,9/27/2018,1394,B,1496,1,0,0,1,1
13344,9/6/2018,1399,B,843,1,0,0,1,1
13353,9/14/2018,1408,B,1593,1,0,0,1,1
